timestamp,temperature_C,vibration_mm_s,pressure_PSI,motor_current_A,cycle_time_s,machine_health,fault_code,status
2026-06-24 23:18:20.311885,66.54,0.0252,99.85,11.83,5.03,100,NONE,NORMAL
2026-06-24 23:18:20.416978,64.34,0.0194,100.55,11.86,5.28,100,NONE,NORMAL
2026-06-24 23:18:20.521767,63.73,0.0204,101.37,12.02,5.06,100,NONE,NORMAL
2026-06-24 23:18:20.622980,65.45,0.02,100.75,11.95,5.05,100,NONE,NORMAL
2026-06-24 23:18:20.727163,63.55,0.015,100.49,11.76,5.04,100,NONE,NORMAL
2026-06-24 23:18:20.832320,64.99,0.0174,100.16,11.66,5.29,100,NONE,NORMAL
2026-06-24 23:18:20.937622,63.72,0.0108,100.79,11.77,4.71,100,NONE,NORMAL
2026-06-24 23:18:21.042452,64.87,0.0254,100.82,11.64,4.81,100,NONE,NORMAL
2026-06-24 23:18:21.147618,65.9,0.0119,100.12,11.59,4.71,100,NONE,NORMAL
2026-06-24 23:18:21.252728,65.93,0.0124,99.82,11.75,4.95,100,NONE,NORMAL
2026-06-24 23:18:21.357811,63.91,0.0179,99.89,11.71,4.94,100,NONE,NORMAL
2026-06-24 23:18:21.462889,63.61,0.0148,100.77,11.72,4.79,100,NONE,NORMAL
2026-06-24 23:18:21.567955,65.29,0.0299,101.6,11.84,5.1,100,NONE,NORMAL
2026-06-24 23:18:21.673012,65.1,0.0238,100.63,11.7,5.24,100,NONE,NORMAL
2026-06-24 23:18:21.778115,66.13,0.0173,101.46,11.64,4.74,100,NONE,NORMAL
2026-06-24 23:18:21.881379,63.26,0.0162,100.79,11.49,4.89,100,NONE,NORMAL
2026-06-24 23:18:21.985151,66.12,0.0147,100.56,11.56,4.83,100,NONE,NORMAL
2026-06-24 23:18:22.090409,64.2,0.0153,100.38,11.7,5.04,100,NONE,NORMAL
2026-06-24 23:18:22.191915,64.03,0.0265,100.37,11.75,4.84,100,NONE,NORMAL
2026-06-24 23:18:22.293871,63.62,0.0117,101.34,11.7,5.28,100,NONE,NORMAL
2026-06-24 23:18:22.398774,65.07,0.0175,102.33,11.8,5.09,100,NONE,NORMAL
2026-06-24 23:18:22.500347,65.02,0.0168,103.19,11.68,5.12,100,NONE,NORMAL
2026-06-24 23:18:22.602581,64.57,0.016,102.97,11.86,4.77,100,NONE,NORMAL
2026-06-24 23:18:22.703553,63.95,0.0228,103.04,11.73,4.88,100,NONE,NORMAL
2026-06-24 23:18:22.807481,63.86,0.0276,102.87,11.7,5.23,100,NONE,NORMAL
2026-06-24 23:18:22.912787,65.21,0.0191,103.57,11.75,4.84,100,NONE,NORMAL
2026-06-24 23:18:23.018064,63.92,0.0272,104.04,11.59,4.93,100,NONE,NORMAL
2026-06-24 23:18:23.120649,63.22,0.0218,103.6,11.61,5.19,100,NONE,NORMAL
2026-06-24 23:18:23.223052,66.71,0.0242,103.05,11.77,4.99,100,NONE,NORMAL
2026-06-24 23:18:23.325949,64.37,0.0209,102.28,11.78,5.28,100,NONE,NORMAL
2026-06-24 23:18:23.428537,64.49,0.0268,102.07,11.9,5.0,100,NONE,NORMAL
2026-06-24 23:18:23.533805,65.5,0.0173,101.6,12.03,5.3,100,NONE,NORMAL
2026-06-24 23:18:23.639067,65.74,0.018,101.93,11.86,4.81,100,NONE,NORMAL
2026-06-24 23:18:23.742762,66.09,0.0125,102.76,11.67,5.01,100,NONE,NORMAL
2026-06-24 23:18:23.848007,63.79,0.0183,102.06,11.65,4.97,100,NONE,NORMAL
2026-06-24 23:18:23.953145,65.98,0.0154,101.36,11.76,4.78,100,NONE,NORMAL
2026-06-24 23:18:24.058247,64.19,0.0119,101.75,11.87,5.07,100,NONE,NORMAL
2026-06-24 23:18:24.163334,65.89,0.0104,101.57,11.97,5.24,100,NONE,NORMAL
2026-06-24 23:18:24.268454,66.03,0.0295,101.3,11.81,5.1,100,NONE,NORMAL
2026-06-24 23:18:24.372834,63.68,0.0262,102.05,11.91,4.77,100,NONE,NORMAL
2026-06-24 23:18:24.477963,65.29,0.0108,101.2,11.96,5.27,100,NONE,NORMAL
2026-06-24 23:18:24.581418,63.22,0.0244,101.49,11.99,4.76,100,NONE,NORMAL
2026-06-24 23:18:24.684755,64.3,0.0214,101.43,12.15,5.26,100,NONE,NORMAL
2026-06-24 23:18:24.785090,65.18,0.019,102.2,12.07,4.72,100,NONE,NORMAL
2026-06-24 23:18:24.885719,64.59,0.0167,102.63,11.89,5.08,100,NONE,NORMAL
2026-06-24 23:18:24.991052,66.61,0.0241,102.19,11.71,4.83,100,NONE,NORMAL
2026-06-24 23:18:25.093943,65.85,0.0266,102.86,11.89,4.84,100,NONE,NORMAL
2026-06-24 23:18:25.197693,64.47,0.0222,103.86,11.81,5.13,100,NONE,NORMAL
2026-06-24 23:18:25.299832,64.94,0.0285,104.04,11.74,4.86,100,NONE,NORMAL
2026-06-24 23:18:25.402084,65.88,0.0157,104.83,11.56,5.05,100,NONE,NORMAL
2026-06-24 23:18:25.503811,65.51,0.0211,105.61,11.64,4.76,100,NONE,NORMAL
2026-06-24 23:18:25.605518,63.5,0.0214,104.88,11.8,5.23,100,NONE,NORMAL
2026-06-24 23:18:25.710635,64.47,0.017,105.31,11.87,5.12,100,NONE,NORMAL
2026-06-24 23:18:25.813587,66.12,0.0191,105.57,12.05,4.79,100,NONE,NORMAL
2026-06-24 23:18:25.918905,65.46,0.014,104.79,12.17,4.88,100,NONE,NORMAL
2026-06-24 23:18:26.024190,65.43,0.0113,104.06,12.17,5.28,100,NONE,NORMAL
2026-06-24 23:18:26.127325,64.49,0.0247,103.49,12.22,5.25,100,NONE,NORMAL
2026-06-24 23:18:26.230077,64.11,0.0253,103.44,12.17,5.14,100,NONE,NORMAL
2026-06-24 23:18:26.333454,64.15,0.0153,104.38,12.06,4.83,100,NONE,NORMAL
2026-06-24 23:18:26.438795,63.57,0.0124,104.65,11.99,4.94,100,NONE,NORMAL
2026-06-24 23:18:26.544094,64.29,0.0247,105.45,12.05,4.77,100,NONE,NORMAL
2026-06-24 23:18:26.649239,66.59,0.0186,105.01,11.86,4.79,100,NONE,NORMAL
2026-06-24 23:18:26.754335,66.03,0.0162,104.24,11.67,5.24,100,NONE,NORMAL
2026-06-24 23:18:26.856121,64.81,0.0237,105.06,11.63,5.15,100,NONE,NORMAL
2026-06-24 23:18:26.961190,64.99,0.022,105.01,11.64,5.04,100,NONE,NORMAL
2026-06-24 23:18:27.066268,66.74,0.0182,104.39,11.71,4.99,100,NONE,NORMAL
2026-06-24 23:18:27.171344,66.03,0.0241,103.7,11.52,4.88,100,NONE,NORMAL
2026-06-24 23:18:27.276423,63.27,0.0225,103.35,11.53,5.05,100,NONE,NORMAL
2026-06-24 23:18:27.379040,64.81,0.0133,102.49,11.55,5.11,100,NONE,NORMAL
2026-06-24 23:18:27.481610,66.29,0.0111,102.69,11.64,5.23,100,NONE,NORMAL
2026-06-24 23:18:27.586919,66.16,0.0187,102.69,11.68,4.71,100,NONE,NORMAL
2026-06-24 23:18:27.689809,65.62,0.0208,102.84,11.79,4.95,100,NONE,NORMAL
2026-06-24 23:18:27.790072,64.91,0.0143,102.83,11.8,4.85,100,NONE,NORMAL
2026-06-24 23:18:27.895143,65.77,0.0167,102.22,11.85,5.29,100,NONE,NORMAL
2026-06-24 23:18:28.000207,66.0,0.0149,102.59,11.72,5.07,100,NONE,NORMAL
2026-06-24 23:18:28.105269,63.3,0.0194,102.37,11.57,5.04,100,NONE,NORMAL
2026-06-24 23:18:28.210370,64.73,0.0297,101.74,11.64,5.2,100,NONE,NORMAL
2026-06-24 23:18:28.312377,64.91,0.0287,101.36,11.59,5.26,100,NONE,NORMAL
2026-06-24 23:18:28.413241,66.89,0.0299,101.29,11.57,4.88,93,NONE,NORMAL
2026-06-24 23:18:28.516150,63.83,0.027,100.78,11.72,5.2,93.02,NONE,NORMAL
2026-06-24 23:18:28.621457,65.69,0.0158,100.6,11.61,5.15,93.03999999999999,NONE,NORMAL
2026-06-24 23:18:28.723161,66.3,0.0164,100.45,11.62,4.82,93.05999999999999,NONE,NORMAL
2026-06-24 23:18:28.824174,66.67,0.0264,100.39,11.81,4.87,93.07999999999998,NONE,NORMAL
2026-06-24 23:18:28.929158,65.6,0.0164,100.94,11.8,5.23,93.09999999999998,NONE,NORMAL
2026-06-24 23:18:29.034178,63.02,0.015,101.0,12.0,4.74,93.11999999999998,NONE,NORMAL
2026-06-24 23:18:29.138202,63.11,0.0157,100.14,12.15,4.72,93.13999999999997,NONE,NORMAL
2026-06-24 23:18:29.242878,63.2,0.0101,99.81,12.26,5.22,93.15999999999997,NONE,NORMAL
2026-06-24 23:18:29.344803,65.45,0.0252,99.91,12.41,4.79,93.17999999999996,NONE,NORMAL
2026-06-24 23:18:29.447405,63.49,0.0291,99.6,12.39,5.0,93.19999999999996,NONE,NORMAL
2026-06-24 23:18:29.552509,64.03,0.0197,100.09,12.24,4.99,93.21999999999996,NONE,NORMAL
2026-06-24 23:18:29.657645,65.96,0.0223,99.35,12.35,5.07,93.23999999999995,NONE,NORMAL
2026-06-24 23:18:29.762753,65.07,0.0218,100.21,12.42,5.27,93.25999999999995,NONE,NORMAL
2026-06-24 23:18:29.867846,66.11,0.0209,100.62,12.26,4.97,93.27999999999994,NONE,NORMAL
2026-06-24 23:18:29.972923,63.2,0.0182,99.68,12.09,4.9,93.29999999999994,NONE,NORMAL
2026-06-24 23:18:30.078051,64.73,0.0257,99.31,12.11,4.73,93.31999999999994,NONE,NORMAL
2026-06-24 23:18:30.181532,63.61,0.0216,99.43,12.03,4.81,93.33999999999993,NONE,NORMAL
2026-06-24 23:18:30.286693,63.27,0.0101,99.49,12.04,5.18,93.35999999999993,NONE,NORMAL
2026-06-24 23:18:30.389867,65.9,0.0239,99.6,12.11,5.22,93.37999999999992,NONE,NORMAL
2026-06-24 23:18:30.494882,63.46,0.0135,100.09,12.23,5.27,93.39999999999992,NONE,NORMAL
2026-06-24 23:18:30.598214,64.75,0.0143,99.12,12.16,5.16,93.41999999999992,NONE,NORMAL
2026-06-24 23:18:30.702387,64.04,0.0217,99.51,12.24,4.85,93.43999999999991,NONE,NORMAL
2026-06-24 23:18:30.806557,65.71,0.0228,98.64,12.1,4.9,93.45999999999991,NONE,NORMAL
2026-06-24 23:18:30.911850,66.47,0.0142,98.86,11.92,5.08,93.4799999999999,NONE,NORMAL
2026-06-24 23:18:31.017164,63.77,0.0238,98.89,11.8,4.83,93.4999999999999,NONE,NORMAL
2026-06-24 23:18:31.122471,64.57,0.0238,98.97,11.77,4.96,93.5199999999999,NONE,NORMAL
2026-06-24 23:18:31.228029,65.73,0.0104,98.77,11.76,4.85,93.53999999999989,NONE,NORMAL
2026-06-24 23:18:31.330317,65.62,0.0171,99.11,11.69,4.75,93.55999999999989,NONE,NORMAL
2026-06-24 23:18:31.430829,64.58,0.025,98.66,11.76,5.25,93.57999999999988,NONE,NORMAL
2026-06-24 23:18:31.534513,64.4,0.0149,99.5,11.64,5.06,93.59999999999988,NONE,NORMAL
2026-06-24 23:18:31.637995,66.41,0.0135,98.73,11.64,5.06,93.61999999999988,NONE,NORMAL
2026-06-24 23:18:31.740585,66.08,0.028,98.31,11.51,5.12,93.63999999999987,NONE,NORMAL
2026-06-24 23:18:31.845897,64.87,0.0297,99.0,11.67,4.94,93.65999999999987,NONE,NORMAL
2026-06-24 23:18:31.951042,64.57,0.0289,99.88,11.66,5.2,93.67999999999986,NONE,NORMAL
2026-06-24 23:18:32.056147,63.29,0.0144,99.25,11.81,5.26,93.69999999999986,NONE,NORMAL
2026-06-24 23:18:32.161224,64.26,0.0129,100.17,11.72,5.28,93.71999999999986,NONE,NORMAL
2026-06-24 23:18:32.266303,66.63,0.0135,100.78,11.87,5.15,93.73999999999985,NONE,NORMAL
2026-06-24 23:18:32.371434,64.7,0.014,101.34,12.02,4.92,93.75999999999985,NONE,NORMAL
2026-06-24 23:18:32.473264,63.22,0.0208,101.41,12.11,4.82,93.77999999999984,NONE,NORMAL
2026-06-24 23:18:32.574438,66.17,0.019,101.16,12.1,5.28,93.79999999999984,NONE,NORMAL
2026-06-24 23:18:32.679600,65.89,0.0139,100.94,12.01,4.71,93.81999999999984,NONE,NORMAL
2026-06-24 23:18:32.781612,66.41,0.0228,100.97,11.85,4.93,93.83999999999983,NONE,NORMAL
2026-06-24 23:18:32.886917,64.16,0.0158,100.33,11.66,5.01,93.85999999999983,NONE,NORMAL
2026-06-24 23:18:32.992234,64.7,0.0226,99.82,11.55,4.96,93.87999999999982,NONE,NORMAL
2026-06-24 23:18:33.097576,66.99,0.0122,99.04,11.72,4.71,93.89999999999982,NONE,NORMAL
2026-06-24 23:18:33.201638,64.67,0.0172,98.38,11.72,5.1,93.91999999999982,NONE,NORMAL
2026-06-24 23:18:33.304478,63.21,0.028,99.15,11.64,4.71,93.93999999999981,NONE,NORMAL
2026-06-24 23:18:33.407818,63.8,0.023,99.85,11.52,5.07,93.95999999999981,NONE,NORMAL
2026-06-24 23:18:33.511314,65.65,0.011,99.68,11.36,5.0,93.9799999999998,NONE,NORMAL
2026-06-24 23:18:33.614988,63.03,0.0287,100.59,11.46,5.15,93.9999999999998,NONE,NORMAL
2026-06-24 23:18:33.719097,64.43,0.0217,100.9,11.44,4.77,94.0199999999998,NONE,NORMAL
2026-06-24 23:18:33.824282,63.91,0.0116,101.22,11.39,5.28,94.0399999999998,NONE,NORMAL
2026-06-24 23:18:33.929571,65.68,0.0267,101.14,11.25,5.25,94.05999999999979,NONE,NORMAL
2026-06-24 23:18:34.030159,66.02,0.0133,100.7,11.23,5.03,94.07999999999979,NONE,NORMAL
2026-06-24 23:18:34.134212,64.83,0.0104,100.0,11.33,4.79,94.09999999999978,NONE,NORMAL
2026-06-24 23:18:34.239522,66.64,0.0135,99.85,11.44,5.09,94.11999999999978,NONE,NORMAL
2026-06-24 23:18:34.344842,65.21,0.0208,99.31,11.49,5.0,79.13999999999977,NONE,NORMAL
2026-06-24 23:18:34.449980,65.29,0.018,99.44,11.61,4.96,79.15999999999977,NONE,NORMAL
2026-06-24 23:18:34.555075,65.29,0.016,100.34,11.77,5.1,79.17999999999977,NONE,NORMAL
2026-06-24 23:18:34.660155,66.9,0.0121,100.16,11.66,4.8,79.19999999999976,NONE,NORMAL
2026-06-24 23:18:34.765242,63.94,0.0179,99.93,11.82,5.0,79.21999999999976,NONE,NORMAL
2026-06-24 23:18:34.870317,65.18,0.0105,99.87,11.81,4.89,79.23999999999975,NONE,NORMAL
2026-06-24 23:18:34.975440,66.83,0.013,100.59,11.82,4.74,79.25999999999975,NONE,NORMAL
2026-06-24 23:18:35.077468,63.95,0.028,99.96,11.69,5.14,79.27999999999975,NONE,NORMAL
2026-06-24 23:18:35.182735,66.4,0.0192,99.29,11.75,5.28,79.29999999999974,NONE,NORMAL
2026-06-24 23:18:35.287698,65.04,0.0123,100.29,11.64,5.12,79.31999999999974,NONE,NORMAL
2026-06-24 23:18:35.393018,64.13,0.0287,99.49,11.65,4.87,79.33999999999973,NONE,NORMAL
2026-06-24 23:18:35.498294,64.18,0.014,100.25,11.66,5.12,79.35999999999973,NONE,NORMAL
2026-06-24 23:18:35.602474,66.58,0.0232,101.11,11.83,4.86,79.37999999999973,NONE,NORMAL
2026-06-24 23:18:35.707787,66.35,0.0248,101.54,11.87,5.07,79.39999999999972,NONE,NORMAL
2026-06-24 23:18:35.810797,66.22,0.016,102.54,11.89,4.95,79.41999999999972,NONE,NORMAL
2026-06-24 23:18:35.916057,64.4,0.0263,101.77,12.02,5.13,79.43999999999971,NONE,NORMAL
2026-06-24 23:18:36.017936,64.08,0.019,102.36,11.83,4.77,79.45999999999971,NONE,NORMAL
2026-06-24 23:18:36.123240,63.64,0.019,103.14,11.93,4.82,79.4799999999997,NONE,NORMAL
2026-06-24 23:18:36.227507,64.5,0.015,103.62,11.85,5.09,79.4999999999997,NONE,NORMAL
2026-06-24 23:18:36.332770,65.89,0.0122,103.13,11.9,4.96,79.5199999999997,NONE,NORMAL
2026-06-24 23:18:36.434659,66.7,0.0113,102.62,12.09,4.79,79.5399999999997,NONE,NORMAL
2026-06-24 23:18:36.539965,63.26,0.0245,102.99,11.89,4.98,79.55999999999969,NONE,NORMAL
2026-06-24 23:18:36.644109,66.17,0.025,102.05,11.7,4.87,79.57999999999969,NONE,NORMAL
2026-06-24 23:18:36.748331,63.8,0.0271,102.48,11.81,5.13,79.59999999999968,NONE,NORMAL
2026-06-24 23:18:36.853468,63.71,0.0143,101.7,11.74,4.82,79.61999999999968,NONE,NORMAL
2026-06-24 23:18:36.958564,66.18,0.0142,102.06,11.83,5.24,79.63999999999967,NONE,NORMAL
2026-06-24 23:18:37.063637,66.17,0.0217,101.44,11.8,5.2,79.65999999999967,NONE,NORMAL
2026-06-24 23:18:37.168755,65.52,0.0238,100.83,11.73,4.85,79.67999999999967,NONE,NORMAL
2026-06-24 23:18:37.273134,64.81,0.0101,101.23,11.58,4.88,79.69999999999966,NONE,NORMAL
2026-06-24 23:18:37.375290,65.18,0.0246,101.74,11.6,5.01,79.71999999999966,NONE,NORMAL
2026-06-24 23:18:37.477116,66.55,0.0298,102.02,11.56,4.9,79.73999999999965,NONE,NORMAL
2026-06-24 23:18:37.582424,63.72,0.027,102.0,11.5,5.05,79.75999999999965,NONE,NORMAL
2026-06-24 23:18:37.683737,66.17,0.0191,102.28,11.48,5.11,79.77999999999965,NONE,NORMAL
2026-06-24 23:18:37.789020,64.03,0.0221,101.61,11.42,5.27,79.79999999999964,NONE,NORMAL
2026-06-24 23:18:37.894306,66.98,0.0136,101.82,11.25,5.23,79.81999999999964,NONE,NORMAL
2026-06-24 23:18:37.999674,64.4,0.0248,101.54,11.4,5.2,79.83999999999963,NONE,NORMAL
2026-06-24 23:18:38.102504,66.09,0.029,102.22,11.3,5.17,79.85999999999963,NONE,NORMAL
2026-06-24 23:18:38.205364,66.87,0.011,101.59,11.13,4.79,79.87999999999963,NONE,NORMAL
2026-06-24 23:18:38.310677,65.74,0.0163,101.91,10.98,5.04,79.89999999999962,NONE,NORMAL
2026-06-24 23:18:38.413676,65.6,0.0201,101.85,11.03,5.27,79.91999999999962,NONE,NORMAL
2026-06-24 23:18:38.515921,63.2,0.0146,102.68,11.07,4.71,79.93999999999961,NONE,NORMAL
2026-06-24 23:18:38.621092,63.89,0.0235,101.77,11.18,4.79,79.95999999999961,NONE,NORMAL
2026-06-24 23:18:38.722153,64.29,0.0207,102.06,11.02,4.85,79.9799999999996,NONE,NORMAL
2026-06-24 23:18:38.824801,66.57,0.0178,102.52,10.96,5.16,79.9999999999996,NONE,NORMAL
2026-06-24 23:18:38.927581,65.38,0.0218,103.43,11.07,5.1,80.0199999999996,NONE,NORMAL
2026-06-24 23:18:39.030538,64.37,0.0203,103.96,11.15,4.91,80.0399999999996,NONE,NORMAL
2026-06-24 23:18:39.135894,66.02,0.0191,103.96,11.24,5.08,80.05999999999959,NONE,NORMAL
2026-06-24 23:18:39.241156,64.06,0.0163,104.13,11.33,5.21,80.07999999999959,NONE,NORMAL
2026-06-24 23:18:39.342585,65.88,0.0146,103.64,11.34,5.2,80.09999999999958,NONE,NORMAL
2026-06-24 23:18:39.447853,63.14,0.0236,102.69,11.35,5.0,80.11999999999958,NONE,NORMAL
2026-06-24 23:18:39.553017,64.28,0.0276,101.97,11.5,4.91,80.13999999999957,NONE,NORMAL
2026-06-24 23:18:39.658208,65.3,0.0116,102.49,11.63,5.01,80.15999999999957,NONE,NORMAL
2026-06-24 23:18:39.763262,66.07,0.0248,102.91,11.53,4.99,80.17999999999957,NONE,NORMAL
2026-06-24 23:18:39.868446,63.53,0.0283,102.21,11.53,5.3,80.19999999999956,NONE,NORMAL
2026-06-24 23:18:39.969159,63.4,0.0244,101.59,11.67,5.03,80.21999999999956,NONE,NORMAL
2026-06-24 23:18:40.074317,63.13,0.0174,101.39,11.79,4.92,80.23999999999955,NONE,NORMAL
2026-06-24 23:18:40.177498,63.33,0.0203,101.99,11.79,4.84,80.25999999999955,NONE,NORMAL
2026-06-24 23:18:40.282650,63.22,0.0283,101.01,11.79,4.99,80.27999999999955,NONE,NORMAL
2026-06-24 23:18:40.387695,64.06,0.0192,100.1,11.98,5.26,80.29999999999954,NONE,NORMAL
2026-06-24 23:18:40.490041,63.28,0.0142,99.44,12.06,4.94,80.31999999999954,NONE,NORMAL
2026-06-24 23:18:40.595333,66.92,0.0186,99.58,11.92,4.97,80.33999999999953,NONE,NORMAL
2026-06-24 23:18:40.698356,64.58,0.0272,99.9,11.72,5.14,80.35999999999953,NONE,NORMAL
2026-06-24 23:18:40.800982,64.86,0.0165,100.61,11.85,5.21,80.37999999999953,NONE,NORMAL
2026-06-24 23:18:40.902163,63.14,0.013,101.41,11.69,4.82,80.39999999999952,NONE,NORMAL
2026-06-24 23:18:41.005624,65.66,0.0237,100.83,11.54,4.86,80.41999999999952,NONE,NORMAL
2026-06-24 23:18:41.109320,63.16,0.0197,100.77,11.52,5.03,80.43999999999951,NONE,NORMAL
2026-06-24 23:18:41.210881,64.34,0.0269,100.92,11.47,4.97,80.45999999999951,NONE,NORMAL
2026-06-24 23:18:41.315319,66.41,0.0173,100.38,11.57,5.05,80.4799999999995,NONE,NORMAL
2026-06-24 23:18:41.419205,66.19,0.0163,100.1,11.45,4.96,80.4999999999995,NONE,NORMAL
2026-06-24 23:18:41.524486,64.74,0.0125,100.72,11.26,4.9,80.5199999999995,NONE,NORMAL
2026-06-24 23:18:41.627555,63.24,0.0236,99.87,11.36,4.96,80.5399999999995,NONE,NORMAL
2026-06-24 23:18:41.732823,65.99,0.029,99.79,11.44,5.28,80.55999999999949,NONE,NORMAL
2026-06-24 23:18:41.837148,63.02,0.0138,99.79,11.26,4.94,80.57999999999949,NONE,NORMAL
2026-06-24 23:18:41.942466,65.79,0.0156,100.71,11.15,5.26,80.59999999999948,NONE,NORMAL
2026-06-24 23:18:42.044123,65.09,0.0247,100.86,11.1,5.16,80.61999999999948,NONE,NORMAL
2026-06-24 23:18:42.146137,65.44,0.0154,101.49,11.11,4.91,80.63999999999947,NONE,NORMAL
2026-06-24 23:18:42.251272,65.87,0.0268,101.08,11.22,4.79,80.65999999999947,NONE,NORMAL
2026-06-24 23:18:42.356387,63.81,0.0121,101.89,11.16,5.14,80.67999999999947,NONE,NORMAL
2026-06-24 23:18:42.461469,64.6,0.0206,101.52,11.32,4.97,80.69999999999946,NONE,NORMAL
2026-06-24 23:18:42.566561,64.19,0.0237,102.44,11.4,4.97,80.71999999999946,NONE,NORMAL
2026-06-24 23:18:42.671639,66.61,0.0261,101.51,11.59,4.9,80.73999999999945,NONE,NORMAL
2026-06-24 23:18:42.776758,65.12,0.0171,101.18,11.6,4.78,80.75999999999945,NONE,NORMAL
2026-06-24 23:18:42.881741,64.53,0.0221,100.8,11.6,4.74,80.77999999999945,NONE,NORMAL
2026-06-24 23:18:42.987053,66.31,0.0224,100.57,11.49,4.72,80.79999999999944,NONE,NORMAL
2026-06-24 23:18:43.090087,65.57,0.0261,100.55,11.43,4.78,80.81999999999944,NONE,NORMAL
2026-06-24 23:18:43.192085,66.89,0.0141,100.13,11.4,5.22,80.83999999999943,NONE,NORMAL
2026-06-24 23:18:43.297396,63.18,0.0242,99.37,11.47,5.06,80.85999999999943,NONE,NORMAL
2026-06-24 23:18:43.402689,64.67,0.0202,100.36,11.57,5.15,80.87999999999943,NONE,NORMAL
2026-06-24 23:18:43.507936,64.3,0.0257,100.56,11.37,4.78,80.89999999999942,NONE,NORMAL
2026-06-24 23:18:43.613170,64.39,0.0239,99.82,11.52,4.79,80.91999999999942,NONE,NORMAL
2026-06-24 23:18:43.714780,64.6,0.0289,100.28,11.69,5.24,80.93999999999942,NONE,NORMAL
2026-06-24 23:18:43.819188,64.4,0.0187,100.46,11.63,4.94,80.95999999999941,NONE,NORMAL
2026-06-24 23:18:43.924252,66.96,0.016,100.88,11.65,4.71,80.97999999999941,NONE,NORMAL
2026-06-24 23:18:44.029313,65.84,0.0196,101.46,11.5,4.82,80.9999999999994,NONE,NORMAL
2026-06-24 23:18:44.134388,63.52,0.0162,101.34,11.47,5.22,81.0199999999994,NONE,NORMAL
2026-06-24 23:18:44.239469,65.94,0.0161,101.87,11.62,4.85,81.0399999999994,NONE,NORMAL
2026-06-24 23:18:44.344561,64.78,0.0212,101.03,11.71,4.83,81.05999999999939,NONE,NORMAL
2026-06-24 23:18:44.449675,66.86,0.0255,100.18,11.85,5.21,81.07999999999939,NONE,NORMAL
2026-06-24 23:18:44.554766,63.55,0.0177,100.67,11.66,5.01,81.09999999999938,NONE,NORMAL
2026-06-24 23:18:44.659840,64.08,0.0178,100.65,11.81,5.24,81.11999999999938,NONE,NORMAL
2026-06-24 23:18:44.764907,63.16,0.0112,99.65,11.85,5.08,81.13999999999938,NONE,NORMAL
2026-06-24 23:18:44.870018,63.62,0.0226,100.24,11.84,4.95,81.15999999999937,NONE,NORMAL
2026-06-24 23:18:44.975250,63.9,0.0248,101.11,11.75,5.05,81.17999999999937,NONE,NORMAL
2026-06-24 23:18:45.080347,66.43,0.0202,100.99,11.58,5.2,81.19999999999936,NONE,NORMAL
2026-06-24 23:18:45.185482,65.67,0.013,101.94,11.61,4.71,81.21999999999936,NONE,NORMAL
2026-06-24 23:18:45.290098,65.04,0.0267,100.96,11.63,5.11,81.23999999999936,NONE,NORMAL
2026-06-24 23:18:45.390997,66.38,0.0281,101.64,11.56,5.16,81.25999999999935,NONE,NORMAL
2026-06-24 23:18:45.494260,63.17,0.0289,101.69,11.48,4.88,81.27999999999935,NONE,NORMAL
2026-06-24 23:18:45.594678,65.93,0.0195,101.02,11.35,5.0,81.29999999999934,NONE,NORMAL
2026-06-24 23:18:45.697712,63.14,0.0297,101.52,11.39,4.76,81.31999999999934,NONE,NORMAL
2026-06-24 23:18:45.802540,64.05,0.0193,101.83,11.32,5.19,81.33999999999934,NONE,NORMAL
2026-06-24 23:18:45.904615,65.97,0.0189,101.8,11.44,4.76,81.35999999999933,NONE,NORMAL
2026-06-24 23:18:46.009588,66.17,0.0274,102.49,11.31,4.83,81.37999999999933,NONE,NORMAL
2026-06-24 23:18:46.110921,65.0,0.017,103.16,11.49,5.18,81.39999999999932,NONE,NORMAL
2026-06-24 23:18:46.216158,65.8,0.0251,103.32,11.49,5.18,81.41999999999932,NONE,NORMAL
2026-06-24 23:18:46.317368,66.31,0.0156,104.23,11.44,4.83,81.43999999999932,NONE,NORMAL
2026-06-24 23:18:46.422667,65.09,0.0299,104.72,11.39,5.14,81.45999999999931,NONE,NORMAL
2026-06-24 23:18:46.527770,64.1,0.0146,104.98,11.29,4.98,81.47999999999931,NONE,NORMAL
2026-06-24 23:18:46.632849,65.18,0.0239,104.24,11.27,4.85,81.4999999999993,NONE,NORMAL
2026-06-24 23:18:46.737941,65.93,0.0292,103.35,11.45,5.03,81.5199999999993,NONE,NORMAL
2026-06-24 23:18:46.843100,64.74,0.0104,104.15,11.48,4.94,81.5399999999993,NONE,NORMAL
2026-06-24 23:18:46.944375,66.99,0.0124,104.28,11.28,5.24,81.55999999999929,NONE,NORMAL
2026-06-24 23:18:47.048395,66.31,0.0165,103.31,11.21,5.02,81.57999999999929,NONE,NORMAL
2026-06-24 23:18:47.153479,63.9,0.0205,103.22,11.34,4.98,81.59999999999928,NONE,NORMAL
2026-06-24 23:18:47.256756,63.39,0.0192,102.94,11.21,5.26,81.61999999999928,NONE,NORMAL
2026-06-24 23:18:47.361837,63.03,0.029,103.56,11.33,5.12,81.63999999999928,NONE,NORMAL
2026-06-24 23:18:47.466910,63.34,0.0131,103.51,11.49,4.89,81.65999999999927,NONE,NORMAL
2026-06-24 23:18:47.571987,63.07,0.0107,103.4,11.58,4.86,81.67999999999927,NONE,NORMAL
2026-06-24 23:18:47.677067,66.01,0.0215,102.63,11.72,5.29,81.69999999999926,NONE,NORMAL
2026-06-24 23:18:47.782223,63.27,0.0194,102.22,11.61,5.27,81.71999999999926,NONE,NORMAL
2026-06-24 23:18:47.885940,63.72,0.0133,102.92,11.53,5.25,81.73999999999926,NONE,NORMAL
2026-06-24 23:18:47.990135,64.13,0.0218,102.58,11.54,5.05,81.75999999999925,NONE,NORMAL
2026-06-24 23:18:48.095430,65.79,0.015,102.89,11.56,5.13,81.77999999999925,NONE,NORMAL
2026-06-24 23:18:48.198432,66.35,0.0288,101.99,11.48,5.09,81.79999999999924,NONE,NORMAL
2026-06-24 23:18:48.302097,63.12,0.0123,102.93,11.4,4.9,81.81999999999924,NONE,NORMAL
2026-06-24 23:18:48.406787,66.8,0.0198,102.01,11.57,4.97,81.83999999999924,NONE,NORMAL
2026-06-24 23:18:48.512099,65.78,0.0166,101.42,11.59,5.16,81.85999999999923,NONE,NORMAL
2026-06-24 23:18:48.617428,65.02,0.0182,100.99,11.42,4.77,81.87999999999923,NONE,NORMAL
2026-06-24 23:18:48.719267,63.09,0.0263,101.62,11.42,5.26,81.89999999999922,NONE,NORMAL
2026-06-24 23:18:48.820522,64.34,0.0109,100.95,11.38,5.25,81.91999999999922,NONE,NORMAL
2026-06-24 23:18:48.923085,65.87,0.0233,100.02,11.32,4.84,81.93999999999922,NONE,NORMAL
2026-06-24 23:18:49.024322,64.58,0.026,99.07,11.15,5.09,81.95999999999921,NONE,NORMAL
2026-06-24 23:18:49.129605,66.25,0.0287,99.39,11.03,4.74,81.97999999999921,NONE,NORMAL
2026-06-24 23:18:49.234902,66.58,0.0103,99.09,10.9,4.83,81.9999999999992,NONE,NORMAL
2026-06-24 23:18:49.337128,64.15,0.014,98.9,10.84,5.12,82.0199999999992,NONE,NORMAL
2026-06-24 23:18:49.442456,66.13,0.0233,98.81,10.73,5.28,82.0399999999992,NONE,NORMAL
2026-06-24 23:18:49.543022,64.72,0.0274,99.16,10.66,5.21,82.05999999999919,NONE,NORMAL
2026-06-24 23:18:49.646714,66.77,0.0248,98.17,10.78,5.26,82.07999999999919,NONE,NORMAL
2026-06-24 23:18:49.747133,66.5,0.0171,98.79,10.73,4.93,82.09999999999918,NONE,NORMAL
2026-06-24 23:18:49.850324,66.17,0.0158,98.09,10.77,5.05,82.11999999999918,NONE,NORMAL
2026-06-24 23:18:49.955443,65.52,0.0127,98.64,10.95,4.89,82.13999999999918,NONE,NORMAL
2026-06-24 23:18:50.060546,63.67,0.0256,99.22,11.09,4.84,82.15999999999917,NONE,NORMAL
2026-06-24 23:18:50.165624,63.08,0.0172,100.12,11.2,4.97,82.17999999999917,NONE,NORMAL
2026-06-24 23:18:50.270686,66.6,0.029,100.57,11.12,5.25,82.19999999999916,NONE,NORMAL
2026-06-24 23:18:50.375753,65.79,0.0102,100.31,11.32,5.03,82.21999999999916,NONE,NORMAL
2026-06-24 23:18:50.480859,66.38,0.0244,99.81,11.31,4.8,82.23999999999916,NONE,NORMAL
2026-06-24 23:18:50.585992,65.75,0.0102,98.83,11.33,5.29,82.25999999999915,NONE,NORMAL
2026-06-24 23:18:50.690156,66.61,0.023,98.03,11.51,4.8,82.27999999999915,NONE,NORMAL
2026-06-24 23:18:50.795392,65.32,0.0143,98.32,11.43,4.7,82.29999999999914,NONE,NORMAL
2026-06-24 23:18:50.898790,63.91,0.0149,99.29,11.63,4.92,82.31999999999914,NONE,NORMAL
2026-06-24 23:18:51.004082,63.93,0.0123,100.02,11.58,4.85,82.33999999999914,NONE,NORMAL
2026-06-24 23:18:51.106825,63.53,0.016,99.19,11.44,4.99,82.35999999999913,NONE,NORMAL
2026-06-24 23:18:51.212108,63.04,0.0243,99.39,11.56,5.14,82.37999999999913,NONE,NORMAL
2026-06-24 23:18:51.317420,65.2,0.0118,99.86,11.49,5.22,82.39999999999912,NONE,NORMAL
2026-06-24 23:18:51.422731,66.6,0.0107,99.31,11.41,5.09,82.41999999999912,NONE,NORMAL
2026-06-24 23:18:51.525117,64.68,0.0127,99.66,11.28,4.99,82.43999999999912,NONE,NORMAL
2026-06-24 23:18:51.627670,66.58,0.025,99.24,11.12,5.09,82.45999999999911,NONE,NORMAL
2026-06-24 23:18:51.728586,64.09,0.0228,100.02,11.19,5.26,82.47999999999911,NONE,NORMAL
2026-06-24 23:18:51.830830,63.47,0.0212,99.67,11.07,5.03,82.4999999999991,NONE,NORMAL
2026-06-24 23:18:51.935911,64.83,0.0168,99.51,11.07,4.88,82.5199999999991,NONE,NORMAL
2026-06-24 23:18:52.040982,66.96,0.0262,99.04,10.97,4.85,82.5399999999991,NONE,NORMAL
2026-06-24 23:18:52.146048,65.48,0.0262,99.43,10.8,5.12,82.55999999999909,NONE,NORMAL
2026-06-24 23:18:52.247472,66.37,0.0222,100.34,10.73,5.26,82.57999999999909,NONE,NORMAL
2026-06-24 23:18:52.352550,63.02,0.0145,100.18,10.89,5.04,82.59999999999908,NONE,NORMAL
2026-06-24 23:18:52.457649,63.56,0.0196,99.46,10.84,5.16,82.61999999999908,NONE,NORMAL
2026-06-24 23:18:52.562771,65.56,0.0153,100.33,10.83,5.18,82.63999999999908,NONE,NORMAL
2026-06-24 23:18:52.667863,66.99,0.0203,100.95,10.82,5.18,82.65999999999907,NONE,NORMAL
2026-06-24 23:18:52.772951,65.63,0.028,100.19,10.66,5.0,82.67999999999907,NONE,NORMAL
2026-06-24 23:18:52.878066,65.59,0.0274,99.47,10.6,4.94,82.69999999999906,NONE,NORMAL
2026-06-24 23:18:52.983135,66.1,0.0195,98.88,10.67,4.73,82.71999999999906,NONE,NORMAL
2026-06-24 23:18:53.088247,66.04,0.027,99.62,10.67,4.9,82.73999999999906,NONE,NORMAL
2026-06-24 23:18:53.192448,65.79,0.0191,99.03,10.77,4.75,82.75999999999905,NONE,NORMAL
2026-06-24 23:18:53.297773,63.99,0.0214,99.72,10.73,4.94,82.77999999999905,NONE,NORMAL
2026-06-24 23:18:53.402919,63.53,0.0166,99.38,10.7,5.17,82.79999999999905,NONE,NORMAL
2026-06-24 23:18:53.507431,64.04,0.0129,99.58,10.86,4.76,82.81999999999904,NONE,NORMAL
2026-06-24 23:18:53.612749,63.91,0.0128,98.6,11.05,5.16,82.83999999999904,NONE,NORMAL
2026-06-24 23:18:53.713295,65.95,0.0258,98.42,10.97,4.86,82.85999999999903,NONE,NORMAL
2026-06-24 23:18:53.817458,64.6,0.0194,97.93,11.08,5.2,82.87999999999903,NONE,NORMAL
2026-06-24 23:18:53.919330,66.22,0.0226,98.2,11.14,5.0,82.89999999999903,NONE,NORMAL
2026-06-24 23:18:54.023529,64.77,0.0155,98.84,10.96,4.84,82.91999999999902,NONE,NORMAL
2026-06-24 23:18:54.127680,63.51,0.0192,98.68,10.76,5.03,82.93999999999902,NONE,NORMAL
2026-06-24 23:18:54.231160,66.44,0.0123,99.23,10.66,5.04,82.95999999999901,NONE,NORMAL
2026-06-24 23:18:54.336437,66.8,0.0184,98.85,10.58,5.28,82.97999999999901,NONE,NORMAL
2026-06-24 23:18:54.441731,64.4,0.01,99.09,10.7,5.26,82.999999999999,NONE,NORMAL
2026-06-24 23:18:54.547031,65.03,0.0193,100.09,10.54,4.9,83.019999999999,NONE,NORMAL
2026-06-24 23:18:54.652173,66.66,0.0165,100.72,10.43,4.94,83.039999999999,NONE,NORMAL
2026-06-24 23:18:54.757270,64.48,0.0109,100.85,10.39,5.17,83.059999999999,NONE,NORMAL
2026-06-24 23:18:54.862362,63.49,0.0233,100.22,10.24,4.96,83.07999999999899,NONE,NORMAL
2026-06-24 23:18:54.965148,64.3,0.0159,99.57,10.4,5.18,83.09999999999899,NONE,NORMAL
2026-06-24 23:18:55.070282,66.5,0.0221,99.87,10.53,5.03,83.11999999999898,NONE,NORMAL
2026-06-24 23:18:55.175414,63.5,0.027,98.99,10.38,4.83,83.13999999999898,NONE,NORMAL
2026-06-24 23:18:55.280543,66.17,0.0225,99.87,10.25,4.92,83.15999999999897,NONE,NORMAL
2026-06-24 23:18:55.382220,66.01,0.0162,99.9,10.26,5.16,83.17999999999897,NONE,NORMAL
2026-06-24 23:18:55.487362,65.61,0.0255,99.48,10.38,4.78,83.19999999999897,NONE,NORMAL
2026-06-24 23:18:55.592483,66.92,0.021,99.21,10.43,5.28,83.21999999999896,NONE,NORMAL
2026-06-24 23:18:55.697678,66.29,0.0282,99.08,10.35,4.86,83.23999999999896,NONE,NORMAL
2026-06-24 23:18:55.802674,63.82,0.0235,98.75,10.43,5.11,83.25999999999895,NONE,NORMAL
2026-06-24 23:18:55.906816,63.71,0.0136,99.23,10.33,4.86,83.27999999999895,NONE,NORMAL
2026-06-24 23:18:56.011973,66.51,0.0129,99.99,10.4,4.75,83.29999999999895,NONE,NORMAL
2026-06-24 23:18:56.115491,64.37,0.0186,99.75,10.22,5.21,83.31999999999894,NONE,NORMAL
2026-06-24 23:18:56.217836,66.99,0.0158,100.39,10.41,4.89,83.33999999999894,NONE,NORMAL
2026-06-24 23:18:56.322960,66.96,0.0185,100.79,10.45,5.21,83.35999999999893,NONE,NORMAL
2026-06-24 23:18:56.428048,66.67,0.0116,99.91,10.43,5.03,83.37999999999893,NONE,NORMAL
2026-06-24 23:18:56.533112,63.2,0.0291,100.65,10.6,4.88,83.39999999999893,NONE,NORMAL
2026-06-24 23:18:56.638166,65.64,0.0189,100.52,10.64,5.25,83.41999999999892,NONE,NORMAL
2026-06-24 23:18:56.743230,64.81,0.0249,99.69,10.5,5.2,83.43999999999892,NONE,NORMAL
2026-06-24 23:18:56.848296,64.66,0.0218,99.96,10.43,4.75,83.45999999999891,NONE,NORMAL
2026-06-24 23:18:56.948621,65.66,0.013,99.25,10.53,5.0,83.47999999999891,NONE,NORMAL
2026-06-24 23:18:57.053709,63.37,0.0134,99.2,10.52,4.99,83.4999999999989,NONE,NORMAL
2026-06-24 23:18:57.158811,63.64,0.0187,98.55,10.5,5.26,83.5199999999989,NONE,NORMAL
2026-06-24 23:18:57.263896,66.83,0.0146,98.82,10.54,5.05,83.5399999999989,NONE,NORMAL
2026-06-24 23:18:57.369005,65.12,0.0231,97.83,10.71,4.74,83.5599999999989,NONE,NORMAL
2026-06-24 23:18:57.474215,63.91,0.0159,97.38,10.52,4.95,83.57999999999889,NONE,NORMAL
2026-06-24 23:18:57.579341,64.23,0.0104,96.83,10.34,5.06,83.59999999999889,NONE,NORMAL
2026-06-24 23:18:57.684436,66.32,0.0224,97.52,10.36,5.14,83.61999999999888,NONE,NORMAL
2026-06-24 23:18:57.789517,65.24,0.0169,97.28,10.29,5.19,83.63999999999888,NONE,NORMAL
2026-06-24 23:18:57.894668,63.13,0.0145,96.35,10.24,4.76,83.65999999999887,NONE,NORMAL
2026-06-24 23:18:58.003501,63.95,0.0266,95.59,10.29,5.08,83.67999999999887,NONE,NORMAL
2026-06-24 23:18:58.108254,66.41,0.0236,94.84,10.34,4.71,83.69999999999887,NONE,NORMAL
2026-06-24 23:18:58.213364,66.8,0.0284,94.84,10.17,4.71,83.71999999999886,NONE,NORMAL
2026-06-24 23:18:58.318534,63.42,0.028,94.91,10.08,4.92,83.73999999999886,NONE,NORMAL
2026-06-24 23:18:58.419691,66.9,0.0174,94.12,10.17,5.29,83.75999999999885,NONE,NORMAL
2026-06-24 23:18:58.521572,65.34,0.0258,93.16,10.15,5.3,83.77999999999885,NONE,NORMAL
2026-06-24 23:18:58.625598,66.8,0.0129,94.06,10.23,5.24,83.79999999999885,NONE,NORMAL
2026-06-24 23:18:58.729983,65.03,0.0181,94.99,10.12,4.82,83.81999999999884,NONE,NORMAL
2026-06-24 23:18:58.835257,65.61,0.0236,94.75,10.11,4.89,83.83999999999884,NONE,NORMAL
2026-06-24 23:18:58.940377,63.57,0.0278,93.92,10.04,5.1,83.85999999999883,NONE,NORMAL
2026-06-24 23:18:59.045504,65.23,0.0258,93.6,9.85,4.95,83.87999999999883,NONE,NORMAL
2026-06-24 23:18:59.150604,65.67,0.0262,93.38,9.96,4.79,83.89999999999883,NONE,NORMAL
2026-06-24 23:18:59.255731,65.95,0.0289,93.76,9.92,4.91,83.91999999999882,NONE,NORMAL
2026-06-24 23:18:59.360827,65.09,0.023,94.25,10.11,5.26,83.93999999999882,NONE,NORMAL
2026-06-24 23:18:59.465955,64.07,0.0179,94.17,9.95,5.25,83.95999999999881,NONE,NORMAL
2026-06-24 23:18:59.567464,64.31,0.0128,93.62,9.78,4.78,83.97999999999881,NONE,NORMAL
2026-06-24 23:18:59.672577,63.97,0.0221,93.26,9.77,5.2,83.9999999999988,NONE,NORMAL
2026-06-24 23:18:59.777698,63.06,0.0146,93.71,9.7,5.13,84.0199999999988,NONE,NORMAL
2026-06-24 23:18:59.882764,64.16,0.0241,94.68,9.53,4.94,84.0399999999988,NONE,NORMAL
2026-06-24 23:18:59.987843,63.59,0.0184,94.51,9.58,4.92,84.0599999999988,NONE,NORMAL
2026-06-24 23:19:00.092914,63.2,0.0103,93.99,9.5,4.82,84.07999999999879,NONE,NORMAL
2026-06-24 23:19:00.198008,63.37,0.0136,94.7,9.56,5.3,84.09999999999879,NONE,NORMAL
2026-06-24 23:19:00.303137,65.42,0.015,94.64,9.64,5.28,84.11999999999878,NONE,NORMAL
2026-06-24 23:19:00.408225,63.39,0.0108,94.15,9.78,5.12,84.13999999999878,NONE,NORMAL
2026-06-24 23:19:00.513421,64.89,0.0216,94.68,9.62,5.2,84.15999999999877,NONE,NORMAL
2026-06-24 23:19:00.618510,64.4,0.0262,94.49,9.55,4.79,84.17999999999877,NONE,NORMAL
2026-06-24 23:19:00.723570,65.83,0.0192,95.07,9.49,4.71,84.19999999999877,NONE,NORMAL
2026-06-24 23:19:00.828652,63.32,0.012,95.66,9.39,5.08,84.21999999999876,NONE,NORMAL
2026-06-24 23:19:00.933793,65.39,0.0236,95.73,9.42,4.83,84.23999999999876,NONE,NORMAL
2026-06-24 23:19:01.036062,65.84,0.0193,96.2,9.57,5.22,84.25999999999875,NONE,NORMAL
2026-06-24 23:19:01.141357,66.54,0.0189,95.86,9.65,4.92,84.27999999999875,NONE,NORMAL
2026-06-24 23:19:01.244064,64.07,0.0259,95.28,9.45,5.06,84.29999999999875,NONE,NORMAL
2026-06-24 23:19:01.348573,66.57,0.0199,95.13,9.57,5.18,84.31999999999874,NONE,NORMAL
2026-06-24 23:19:01.453710,64.98,0.0253,95.98,9.5,4.76,84.33999999999874,NONE,NORMAL
2026-06-24 23:19:01.558807,66.32,0.0274,95.2,9.64,5.19,84.35999999999873,NONE,NORMAL
2026-06-24 23:19:01.663893,64.08,0.0108,96.12,9.56,4.99,84.37999999999873,NONE,NORMAL
2026-06-24 23:19:01.768968,63.93,0.0298,96.36,9.46,5.28,84.39999999999873,NONE,NORMAL
2026-06-24 23:19:01.872635,63.53,0.0126,96.06,9.42,4.71,84.41999999999872,NONE,NORMAL
2026-06-24 23:19:01.977783,63.47,0.0105,95.98,9.24,4.91,84.43999999999872,NONE,NORMAL
2026-06-24 23:19:02.081889,63.31,0.0279,95.48,9.15,5.1,84.45999999999871,NONE,NORMAL
2026-06-24 23:19:02.186028,65.88,0.0202,95.54,9.28,5.19,84.47999999999871,NONE,NORMAL
2026-06-24 23:19:02.291157,64.26,0.0208,95.73,9.14,4.73,84.4999999999987,NONE,NORMAL
2026-06-24 23:19:02.393302,64.3,0.0286,95.0,9.04,4.88,84.5199999999987,NONE,NORMAL
2026-06-24 23:19:02.498573,65.82,0.0217,94.06,8.96,5.0,84.5399999999987,NONE,NORMAL
2026-06-24 23:19:02.598957,66.45,0.0123,94.47,9.07,5.04,84.5599999999987,NONE,NORMAL
2026-06-24 23:19:02.701008,65.89,0.0215,95.43,9.21,4.96,84.57999999999869,NONE,NORMAL
2026-06-24 23:19:02.801976,63.14,0.0209,94.56,9.18,5.12,84.59999999999869,NONE,NORMAL
2026-06-24 23:19:02.903616,63.74,0.012,95.14,9.29,4.95,84.61999999999868,NONE,NORMAL
2026-06-24 23:19:03.006929,65.93,0.0175,94.19,9.37,4.94,84.63999999999868,NONE,NORMAL
2026-06-24 23:19:03.112215,65.49,0.0278,94.81,9.36,4.81,84.65999999999867,NONE,NORMAL
2026-06-24 23:19:03.213545,64.48,0.0203,95.03,9.48,5.18,84.67999999999867,NONE,NORMAL
2026-06-24 23:19:03.318829,65.92,0.0125,95.98,9.44,5.23,84.69999999999867,NONE,NORMAL
2026-06-24 23:19:03.424101,65.85,0.0168,95.7,9.25,4.84,84.71999999999866,NONE,NORMAL
2026-06-24 23:19:03.529363,66.07,0.0255,95.67,9.15,4.8,84.73999999999866,NONE,NORMAL
2026-06-24 23:19:03.630065,65.54,0.015,94.9,9.0,5.29,84.75999999999866,NONE,NORMAL
2026-06-24 23:19:03.735343,66.6,0.0112,95.05,9.03,4.92,84.77999999999865,NONE,NORMAL
2026-06-24 23:19:03.840668,65.01,0.0251,94.59,9.0,5.28,84.79999999999865,NONE,NORMAL
2026-06-24 23:19:03.942599,66.36,0.0134,93.92,8.85,4.93,84.81999999999864,NONE,NORMAL
2026-06-24 23:19:04.046480,63.79,0.0223,93.06,9.05,5.26,84.83999999999864,NONE,NORMAL
2026-06-24 23:19:04.151763,65.71,0.0106,93.04,9.24,4.8,84.85999999999864,NONE,NORMAL
2026-06-24 23:19:04.256896,66.36,0.0101,92.46,9.31,5.1,84.87999999999863,NONE,NORMAL
2026-06-24 23:19:04.361986,66.63,0.0132,91.48,9.22,4.93,84.89999999999863,NONE,NORMAL
2026-06-24 23:19:04.467056,64.42,0.0123,91.25,9.21,5.14,84.91999999999862,NONE,NORMAL
2026-06-24 23:19:04.569900,64.86,0.0168,90.33,9.29,4.85,84.93999999999862,NONE,NORMAL
2026-06-24 23:19:04.673532,66.95,0.0235,89.59,9.28,4.78,84.95999999999862,NONE,NORMAL
2026-06-24 23:19:04.778650,63.01,0.0134,89.3,9.22,4.75,84.97999999999861,NONE,NORMAL
2026-06-24 23:19:04.883777,65.89,0.0285,89.91,9.06,4.97,84.99999999999861,NONE,NORMAL
2026-06-24 23:19:04.988883,65.79,0.0287,90.51,8.95,5.25,85.0199999999986,NONE,NORMAL
2026-06-24 23:19:05.093091,66.52,0.0287,90.18,8.78,4.87,85.0399999999986,NONE,NORMAL
2026-06-24 23:19:05.198019,65.77,0.0201,90.03,8.89,4.83,85.0599999999986,NONE,NORMAL
2026-06-24 23:19:05.303116,65.62,0.0106,89.7,8.77,4.84,85.07999999999859,NONE,NORMAL
2026-06-24 23:19:05.408295,64.87,0.0278,88.83,8.62,5.25,85.09999999999859,NONE,NORMAL
2026-06-24 23:19:05.511598,66.51,0.0239,88.6,8.81,5.15,85.11999999999858,NONE,NORMAL
2026-06-24 23:19:05.613348,64.34,0.0164,88.32,8.88,4.77,85.13999999999858,NONE,NORMAL
2026-06-24 23:19:05.718526,64.96,0.0216,87.57,8.76,4.93,85.15999999999858,NONE,NORMAL
2026-06-24 23:19:05.822986,65.6,0.0146,87.39,8.8,5.29,85.17999999999857,NONE,NORMAL
2026-06-24 23:19:05.926091,65.13,0.0259,87.47,8.6,4.84,85.19999999999857,NONE,NORMAL
2026-06-24 23:19:06.027762,64.5,0.0157,87.46,8.73,5.26,85.21999999999856,NONE,NORMAL
2026-06-24 23:19:06.128208,64.48,0.0169,86.63,8.56,5.08,85.23999999999856,NONE,NORMAL
2026-06-24 23:19:06.230486,64.45,0.0233,86.64,8.38,5.19,71.25999999999856,CURRENT_SPIKE,WARNING
2026-06-24 23:19:06.335788,66.09,0.03,86.28,8.57,5.08,71.27999999999855,CURRENT_SPIKE,WARNING
2026-06-24 23:19:06.440485,64.99,0.0134,86.05,8.57,4.91,71.29999999999855,VIBRATION_RISE,WARNING
2026-06-24 23:19:06.545570,65.98,0.0298,85.63,8.42,5.29,71.31999999999854,CURRENT_SPIKE,WARNING
2026-06-24 23:19:06.650855,65.1,0.0264,85.19,8.48,5.24,71.33999999999854,VIBRATION_RISE,WARNING
2026-06-24 23:19:06.756000,64.29,0.0121,86.08,8.65,5.12,71.35999999999854,TEMP_HIGH,WARNING
2026-06-24 23:19:06.861105,64.09,0.0148,87.05,8.55,5.09,71.37999999999853,TEMP_HIGH,WARNING
2026-06-24 23:19:06.966203,64.05,0.0134,87.88,8.59,5.13,71.39999999999853,TEMP_HIGH,WARNING
2026-06-24 23:19:07.068215,64.08,0.0131,88.11,8.65,5.18,71.41999999999852,TEMP_HIGH,WARNING
2026-06-24 23:19:07.173325,65.73,0.0161,88.55,8.52,4.97,71.43999999999852,TEMP_HIGH,WARNING
2026-06-24 23:19:07.278434,63.99,0.0264,88.28,8.41,4.9,71.45999999999852,TEMP_HIGH,WARNING
2026-06-24 23:19:07.383537,66.21,0.0205,89.09,8.21,4.93,71.47999999999851,TEMP_HIGH,WARNING
2026-06-24 23:19:07.488640,66.69,0.0183,89.19,8.02,5.0,71.49999999999851,VIBRATION_RISE,WARNING
2026-06-24 23:19:07.593801,65.24,0.0195,88.8,8.04,5.15,71.5199999999985,TEMP_HIGH,WARNING
2026-06-24 23:19:07.698605,66.44,0.0119,88.66,8.1,4.92,71.5399999999985,TEMP_HIGH,WARNING
2026-06-24 23:19:07.802770,66.01,0.0281,89.25,7.91,4.82,71.5599999999985,TEMP_HIGH,WARNING
2026-06-24 23:19:07.908085,65.08,0.0255,88.35,8.06,4.99,71.57999999999849,TEMP_HIGH,WARNING
2026-06-24 23:19:08.011104,65.71,0.0179,87.5,8.13,4.96,71.59999999999849,TEMP_HIGH,WARNING
2026-06-24 23:19:08.112716,64.91,0.0142,88.47,7.95,5.2,71.61999999999848,TEMP_HIGH,WARNING
2026-06-24 23:19:08.213893,63.44,0.0253,89.31,7.78,5.0,71.63999999999848,CURRENT_SPIKE,WARNING
2026-06-24 23:19:08.317565,64.84,0.0109,88.46,7.85,5.04,71.65999999999848,CURRENT_SPIKE,WARNING
2026-06-24 23:19:08.422921,63.95,0.0225,89.0,7.71,5.16,71.67999999999847,VIBRATION_RISE,WARNING
2026-06-24 23:19:08.528295,65.63,0.0291,88.88,7.71,5.18,71.69999999999847,TEMP_HIGH,WARNING
2026-06-24 23:19:08.631317,66.89,0.0232,88.03,7.68,5.06,71.71999999999846,TEMP_HIGH,WARNING
2026-06-24 23:19:08.736620,64.09,0.0214,88.97,7.64,5.28,71.73999999999846,CURRENT_SPIKE,WARNING
2026-06-24 23:19:08.841087,65.59,0.0217,88.41,7.71,5.22,71.75999999999846,VIBRATION_RISE,WARNING
2026-06-24 23:19:08.942193,64.74,0.0242,88.43,7.74,5.09,71.77999999999845,TEMP_HIGH,WARNING
2026-06-24 23:19:09.042955,63.24,0.0193,89.08,7.54,4.82,71.79999999999845,CURRENT_SPIKE,WARNING
2026-06-24 23:19:09.148162,65.63,0.0103,89.6,7.55,4.97,71.81999999999844,VIBRATION_RISE,WARNING
2026-06-24 23:19:09.253314,63.72,0.0236,89.77,7.5,5.09,71.83999999999844,CURRENT_SPIKE,WARNING
2026-06-24 23:19:09.358410,63.92,0.0289,89.17,7.48,4.75,71.85999999999844,CURRENT_SPIKE,WARNING
2026-06-24 23:19:09.460970,63.28,0.0278,88.71,7.51,5.1,71.87999999999843,TEMP_HIGH,WARNING
2026-06-24 23:19:09.566135,65.65,0.019,89.42,7.66,4.76,71.89999999999843,CURRENT_SPIKE,WARNING
2026-06-24 23:19:09.671228,63.09,0.0141,88.57,7.63,5.18,71.91999999999842,VIBRATION_RISE,WARNING
2026-06-24 23:19:09.773607,65.71,0.0249,88.61,7.54,5.09,71.93999999999842,TEMP_HIGH,WARNING
2026-06-24 23:19:09.878757,63.9,0.0278,88.91,7.6,5.18,71.95999999999842,CURRENT_SPIKE,WARNING
2026-06-24 23:19:09.983893,63.45,0.0267,88.95,7.6,4.97,71.97999999999841,TEMP_HIGH,WARNING
2026-06-24 23:19:10.086689,65.9,0.0211,88.05,7.5,5.17,71.99999999999841,CURRENT_SPIKE,WARNING
2026-06-24 23:19:10.191769,64.5,0.014,88.29,7.69,5.04,72.0199999999984,TEMP_HIGH,WARNING
2026-06-24 23:19:10.296852,63.77,0.0286,88.6,7.77,5.0,72.0399999999984,CURRENT_SPIKE,WARNING
2026-06-24 23:19:10.401943,63.01,0.013,88.67,7.69,5.28,72.0599999999984,TEMP_HIGH,WARNING
2026-06-24 23:19:10.507046,63.31,0.0287,88.49,7.83,4.89,72.07999999999839,VIBRATION_RISE,WARNING
2026-06-24 23:19:10.612116,66.55,0.0163,87.94,7.87,5.19,72.09999999999839,CURRENT_SPIKE,WARNING
2026-06-24 23:19:10.717237,63.24,0.0141,88.02,7.87,5.07,72.11999999999838,VIBRATION_RISE,WARNING
2026-06-24 23:19:10.822367,64.91,0.0259,87.47,8.05,5.27,72.13999999999838,VIBRATION_RISE,WARNING
2026-06-24 23:19:10.927533,63.41,0.0266,87.86,8.08,4.98,72.15999999999838,TEMP_HIGH,WARNING
2026-06-24 23:19:11.030827,66.75,0.0255,87.52,8.11,4.87,72.17999999999837,TEMP_HIGH,WARNING
2026-06-24 23:19:11.136149,65.4,0.0223,86.59,8.29,5.06,72.19999999999837,CURRENT_SPIKE,WARNING
2026-06-24 23:19:11.240006,63.91,0.025,87.16,8.41,4.92,72.21999999999836,VIBRATION_RISE,WARNING
2026-06-24 23:19:11.341429,65.34,0.0117,87.3,8.6,5.14,72.23999999999836,VIBRATION_RISE,WARNING
2026-06-24 23:19:11.445784,63.06,0.0264,86.9,8.6,5.08,72.25999999999836,CURRENT_SPIKE,WARNING
2026-06-24 23:19:11.551040,64.61,0.0128,87.61,8.72,5.02,72.27999999999835,VIBRATION_RISE,WARNING
2026-06-24 23:19:11.656195,65.2,0.0194,87.15,8.76,5.14,72.29999999999835,TEMP_HIGH,WARNING
2026-06-24 23:19:11.761289,63.5,0.014,86.73,8.79,5.13,72.31999999999834,TEMP_HIGH,WARNING
2026-06-24 23:19:11.866367,66.67,0.0197,87.62,8.99,5.1,72.33999999999834,TEMP_HIGH,WARNING
2026-06-24 23:19:11.971434,64.42,0.019,87.77,9.16,5.05,72.35999999999834,VIBRATION_RISE,WARNING
2026-06-24 23:19:12.076497,64.86,0.0157,86.81,9.22,5.14,72.37999999999833,CURRENT_SPIKE,WARNING
2026-06-24 23:19:12.181563,63.82,0.0151,86.1,9.17,4.74,72.39999999999833,VIBRATION_RISE,WARNING
2026-06-24 23:19:12.286659,65.23,0.0265,85.3,9.22,5.26,72.41999999999832,CURRENT_SPIKE,WARNING
2026-06-24 23:19:12.388555,65.99,0.023,84.51,9.09,5.29,72.43999999999832,TEMP_HIGH,WARNING
2026-06-24 23:19:12.493831,64.59,0.0208,84.91,8.93,4.92,72.45999999999832,TEMP_HIGH,WARNING
2026-06-24 23:19:12.599048,64.21,0.0254,85.33,9.09,5.0,72.47999999999831,TEMP_HIGH,WARNING
2026-06-24 23:19:12.702083,64.92,0.0149,85.97,8.89,4.97,72.49999999999831,CURRENT_SPIKE,WARNING
2026-06-24 23:19:12.806954,64.57,0.0145,85.74,8.81,4.79,72.5199999999983,CURRENT_SPIKE,WARNING
2026-06-24 23:19:12.911120,64.64,0.0211,85.18,8.93,4.86,72.5399999999983,VIBRATION_RISE,WARNING
2026-06-24 23:19:13.016414,66.53,0.0268,85.44,8.91,4.88,72.5599999999983,VIBRATION_RISE,WARNING
2026-06-24 23:19:13.119668,66.99,0.0281,85.06,8.95,4.8,72.5799999999983,TEMP_HIGH,WARNING
2026-06-24 23:19:13.223747,65.33,0.0275,85.16,8.8,5.25,72.59999999999829,VIBRATION_RISE,WARNING
2026-06-24 23:19:13.326271,66.29,0.0188,84.89,8.82,5.17,72.61999999999829,VIBRATION_RISE,WARNING
2026-06-24 23:19:13.431550,63.64,0.0206,84.88,8.84,4.78,72.63999999999828,CURRENT_SPIKE,WARNING
2026-06-24 23:19:13.536780,65.86,0.0231,84.2,8.87,4.99,72.65999999999828,VIBRATION_RISE,WARNING
2026-06-24 23:19:13.642018,65.61,0.0226,83.99,9.03,4.93,72.67999999999827,CURRENT_SPIKE,WARNING
2026-06-24 23:19:13.743928,63.93,0.0149,84.87,8.87,5.11,72.69999999999827,CURRENT_SPIKE,WARNING
2026-06-24 23:19:13.848785,66.56,0.0126,84.68,8.74,5.06,72.71999999999827,TEMP_HIGH,WARNING
2026-06-24 23:19:13.950919,65.43,0.02,84.91,8.9,5.12,72.73999999999826,TEMP_HIGH,WARNING
2026-06-24 23:19:14.056139,65.83,0.0236,84.48,8.71,5.23,72.75999999999826,VIBRATION_RISE,WARNING
2026-06-24 23:19:14.158006,64.88,0.0274,85.47,8.9,5.27,72.77999999999825,TEMP_HIGH,WARNING
2026-06-24 23:19:14.263131,66.34,0.0195,85.71,8.97,5.07,72.79999999999825,VIBRATION_RISE,WARNING
2026-06-24 23:19:14.368233,64.12,0.0218,84.82,9.05,4.87,72.81999999999825,TEMP_HIGH,WARNING
2026-06-24 23:19:14.473346,63.6,0.0109,84.93,8.92,4.76,72.83999999999824,TEMP_HIGH,WARNING
2026-06-24 23:19:14.578473,66.87,0.0272,84.05,8.84,5.12,72.85999999999824,VIBRATION_RISE,WARNING
2026-06-24 23:19:14.683561,65.19,0.0124,84.23,8.73,4.74,72.87999999999823,TEMP_HIGH,WARNING
2026-06-24 23:19:14.787446,64.57,0.0211,84.18,8.67,4.92,72.89999999999823,TEMP_HIGH,WARNING
2026-06-24 23:19:14.890849,63.54,0.0272,84.07,8.5,4.79,72.91999999999823,CURRENT_SPIKE,WARNING
2026-06-24 23:19:14.995707,65.8,0.0234,84.39,8.36,4.97,72.93999999999822,TEMP_HIGH,WARNING
2026-06-24 23:19:15.100903,65.11,0.0137,84.38,8.27,5.09,72.95999999999822,CURRENT_SPIKE,WARNING
2026-06-24 23:19:15.206226,66.65,0.0232,84.35,8.28,4.84,72.97999999999821,TEMP_HIGH,WARNING
2026-06-24 23:19:15.309166,66.05,0.028,84.32,8.12,4.98,72.99999999999821,TEMP_HIGH,WARNING
2026-06-24 23:19:15.410648,63.41,0.0168,85.12,8.04,5.21,73.0199999999982,VIBRATION_RISE,WARNING
2026-06-24 23:19:15.513602,64.57,0.0261,84.82,7.89,5.04,73.0399999999982,VIBRATION_RISE,WARNING
2026-06-24 23:19:15.618928,63.36,0.0156,84.48,7.93,4.76,73.0599999999982,CURRENT_SPIKE,WARNING
2026-06-24 23:19:15.721023,66.57,0.0124,83.92,7.86,4.83,73.0799999999982,VIBRATION_RISE,WARNING
2026-06-24 23:19:15.822493,66.13,0.0155,83.23,7.84,5.1,73.09999999999819,TEMP_HIGH,WARNING
2026-06-24 23:19:15.927556,66.65,0.0187,84.23,7.78,4.78,73.11999999999819,CURRENT_SPIKE,WARNING
2026-06-24 23:19:16.032624,85.88,0.1425,84.28,9.21,6.46,66.13999999999818,TEMP_HIGH,WARNING
2026-06-24 23:19:16.137696,85.22,0.1415,83.48,10.4,6.67,66.15999999999818,CURRENT_SPIKE,WARNING
2026-06-24 23:19:16.242772,86.0,0.1417,83.95,11.24,6.53,66.17999999999817,VIBRATION_RISE,WARNING
2026-06-24 23:19:16.347834,84.74,0.148,83.58,12.23,6.48,66.19999999999817,TEMP_HIGH,WARNING
2026-06-24 23:19:16.452914,84.96,0.1417,82.59,12.99,6.54,66.21999999999817,CURRENT_SPIKE,WARNING
2026-06-24 23:19:16.557973,85.91,0.1416,82.22,14.38,6.54,66.23999999999816,TEMP_HIGH,WARNING
2026-06-24 23:19:16.663021,84.45,0.1533,82.44,15.75,6.36,66.25999999999816,CURRENT_SPIKE,WARNING
2026-06-24 23:19:16.768087,85.92,0.1405,82.99,16.34,6.24,66.27999999999815,CURRENT_SPIKE,WARNING
2026-06-24 23:19:16.873162,84.12,0.1463,82.45,17.75,6.67,66.29999999999815,CURRENT_SPIKE,WARNING
2026-06-24 23:19:16.978225,86.53,0.1499,82.31,18.75,6.34,66.31999999999815,CURRENT_SPIKE,WARNING
2026-06-24 23:19:17.083287,86.57,0.1594,82.08,20.26,6.79,66.33999999999814,TEMP_HIGH,WARNING
2026-06-24 23:19:17.188395,83.16,0.1544,81.18,21.1,6.6,66.35999999999814,TEMP_HIGH,WARNING
2026-06-24 23:19:17.289725,85.16,0.1428,81.8,22.19,6.5,66.37999999999813,TEMP_HIGH,WARNING
2026-06-24 23:19:17.394460,83.91,0.1546,80.85,22.97,6.49,66.39999999999813,VIBRATION_RISE,WARNING
2026-06-24 23:19:17.499621,86.08,0.1461,80.5,23.82,6.72,66.41999999999813,CURRENT_SPIKE,WARNING
2026-06-24 23:19:17.602863,85.59,0.149,81.0,24.61,6.26,66.43999999999812,TEMP_HIGH,WARNING
2026-06-24 23:19:17.703638,86.27,0.1447,80.68,25.54,6.63,66.45999999999812,TEMP_HIGH,WARNING
2026-06-24 23:19:17.806777,86.14,0.1523,81.28,27.48,6.72,66.47999999999811,CURRENT_SPIKE,WARNING
2026-06-24 23:19:17.911892,84.02,0.1404,81.37,28.52,6.52,66.49999999999811,CURRENT_SPIKE,WARNING
2026-06-24 23:19:18.017078,84.1,0.1524,80.52,30.23,6.63,66.5199999999981,CURRENT_SPIKE,WARNING
2026-06-24 23:19:18.122434,86.65,0.157,79.96,31.51,6.46,66.5399999999981,VIBRATION_RISE,WARNING
2026-06-24 23:19:18.227459,86.09,0.1479,80.02,33.35,6.24,66.5599999999981,CURRENT_SPIKE,WARNING
2026-06-24 23:19:18.332776,84.81,0.1545,80.83,34.11,6.68,66.5799999999981,CURRENT_SPIKE,WARNING
2026-06-24 23:19:18.438188,84.04,0.1463,79.95,34.85,6.29,66.59999999999809,CURRENT_SPIKE,WARNING
2026-06-24 23:19:18.543488,85.91,0.1469,80.7,35.46,6.69,66.61999999999809,TEMP_HIGH,WARNING
2026-06-24 23:19:18.648650,84.49,0.1404,81.29,37.45,6.21,66.63999999999808,VIBRATION_RISE,WARNING
2026-06-24 23:19:18.753748,83.36,0.151,80.33,38.94,6.63,66.65999999999808,VIBRATION_RISE,WARNING
2026-06-24 23:19:18.858833,86.18,0.1515,80.16,39.28,6.59,66.67999999999807,VIBRATION_RISE,WARNING
2026-06-24 23:19:18.963928,83.31,0.1468,79.52,40.6,6.54,66.69999999999807,CURRENT_SPIKE,WARNING
2026-06-24 23:19:19.064777,84.75,0.1579,79.07,42.08,6.4,66.71999999999807,VIBRATION_RISE,WARNING
2026-06-24 23:19:19.168123,86.83,0.1525,79.75,43.28,6.43,66.73999999999806,VIBRATION_RISE,WARNING
2026-06-24 23:19:19.273247,86.41,0.155,79.8,45.0,6.56,66.75999999999806,VIBRATION_RISE,WARNING
2026-06-24 23:19:19.378348,84.76,0.1591,79.14,46.55,6.74,66.77999999999805,CURRENT_SPIKE,WARNING
2026-06-24 23:19:19.483472,83.41,0.154,79.11,48.06,6.46,66.79999999999805,VIBRATION_RISE,WARNING
2026-06-24 23:19:19.588693,85.42,0.1572,80.01,49.09,6.46,66.81999999999805,VIBRATION_RISE,WARNING
2026-06-24 23:19:19.690489,84.7,0.1482,79.84,50.93,6.64,66.83999999999804,TEMP_HIGH,WARNING
2026-06-24 23:19:19.795722,85.36,0.145,80.6,51.79,6.38,66.85999999999804,TEMP_HIGH,WARNING
2026-06-24 23:19:19.900906,85.01,0.1422,81.56,53.41,6.79,66.87999999999803,CURRENT_SPIKE,WARNING
2026-06-24 23:19:20.001808,84.26,0.1418,81.99,54.92,6.57,66.89999999999803,TEMP_HIGH,WARNING
2026-06-24 23:19:20.105163,87.0,0.1593,82.87,56.06,6.2,66.91999999999803,CURRENT_SPIKE,WARNING
2026-06-24 23:19:20.207257,83.55,0.1474,83.03,57.1,6.64,66.93999999999802,TEMP_HIGH,WARNING
2026-06-24 23:19:20.312444,84.82,0.1445,83.55,57.78,6.45,66.95999999999802,CURRENT_SPIKE,WARNING
2026-06-24 23:19:20.417743,83.16,0.142,84.35,59.81,6.22,66.97999999999801,TEMP_HIGH,WARNING
2026-06-24 23:19:20.519534,86.4,0.1461,84.01,61.72,6.47,66.99999999999801,TEMP_HIGH,WARNING
2026-06-24 23:19:20.624085,85.02,0.1434,83.24,63.27,6.28,67.019999999998,CURRENT_SPIKE,WARNING
2026-06-24 23:19:20.727833,83.66,0.1547,82.89,64.42,6.43,67.039999999998,CURRENT_SPIKE,WARNING
2026-06-24 23:19:20.831903,85.51,0.146,82.77,65.3,6.38,67.059999999998,VIBRATION_RISE,WARNING
2026-06-24 23:19:20.933040,87.0,0.1414,82.79,66.29,6.63,67.079999999998,TEMP_HIGH,WARNING
2026-06-24 23:19:21.034624,86.51,0.1422,83.5,67.11,6.41,67.09999999999799,CURRENT_SPIKE,WARNING
2026-06-24 23:19:21.139845,86.12,0.1532,83.01,68.16,6.53,67.11999999999799,TEMP_HIGH,WARNING
2026-06-24 23:19:21.245134,85.5,0.1568,83.14,69.42,6.22,67.13999999999798,VIBRATION_RISE,WARNING
2026-06-24 23:19:21.350279,87.0,0.1505,82.29,71.1,6.64,67.15999999999798,TEMP_HIGH,WARNING
2026-06-24 23:19:21.455409,85.32,0.1523,82.17,72.18,6.69,67.17999999999797,VIBRATION_RISE,WARNING
2026-06-24 23:19:21.560574,86.76,0.1597,83.04,72.73,6.47,67.19999999999797,TEMP_HIGH,WARNING
2026-06-24 23:19:21.665322,85.43,0.1461,83.17,74.17,6.7,67.21999999999797,VIBRATION_RISE,WARNING
2026-06-24 23:19:21.766167,85.54,0.1538,82.19,75.39,6.42,67.23999999999796,CURRENT_SPIKE,WARNING
2026-06-24 23:19:21.869989,83.31,0.1418,82.67,76.45,6.57,67.25999999999796,VIBRATION_RISE,WARNING
2026-06-24 23:19:21.975079,84.53,0.1574,83.03,77.89,6.71,67.27999999999795,CURRENT_SPIKE,WARNING
2026-06-24 23:19:22.080171,84.94,0.1566,83.58,79.14,6.24,67.29999999999795,VIBRATION_RISE,WARNING
2026-06-24 23:19:22.185248,86.58,0.1427,84.15,80.08,6.39,67.31999999999795,TEMP_HIGH,WARNING
2026-06-24 23:19:22.290322,84.74,0.1545,84.65,80.6,6.57,67.33999999999794,VIBRATION_RISE,WARNING
2026-06-24 23:19:22.395404,86.68,0.1583,83.72,81.81,6.58,67.35999999999794,VIBRATION_RISE,WARNING
2026-06-24 23:19:22.499470,83.8,0.1528,84.63,83.7,6.45,67.37999999999793,VIBRATION_RISE,WARNING
2026-06-24 23:19:22.604553,84.08,0.1476,85.02,84.53,6.28,67.39999999999793,CURRENT_SPIKE,WARNING
2026-06-24 23:19:22.709637,84.08,0.1587,84.69,86.23,6.52,67.41999999999793,TEMP_HIGH,WARNING
2026-06-24 23:19:22.814765,85.44,0.1505,84.43,88.12,6.48,67.43999999999792,CURRENT_SPIKE,WARNING
2026-06-24 23:19:22.919509,84.72,0.1526,83.72,89.26,6.59,67.45999999999792,VIBRATION_RISE,WARNING
2026-06-24 23:19:23.024771,84.86,0.1411,82.76,90.34,6.41,67.47999999999791,TEMP_HIGH,WARNING
2026-06-24 23:19:23.126902,86.54,0.1536,82.46,92.03,6.46,67.49999999999791,CURRENT_SPIKE,WARNING
2026-06-24 23:19:23.228054,86.8,0.1547,83.32,93.17,6.39,67.5199999999979,VIBRATION_RISE,WARNING
2026-06-24 23:19:23.328915,85.78,0.1481,82.8,94.78,6.66,67.5399999999979,CURRENT_SPIKE,WARNING
2026-06-24 23:19:23.429715,85.99,0.1528,82.25,96.31,6.4,67.5599999999979,TEMP_HIGH,WARNING
2026-06-24 23:19:23.534810,86.51,0.1479,82.56,96.71,6.6,67.5799999999979,TEMP_HIGH,WARNING
2026-06-24 23:19:23.639881,84.41,0.1426,82.33,97.67,6.28,67.59999999999789,VIBRATION_RISE,WARNING
2026-06-24 23:19:23.744940,86.97,0.1419,83.01,99.22,6.57,67.61999999999789,TEMP_HIGH,WARNING
2026-06-24 23:19:23.850005,83.9,0.1517,83.84,101.29,6.54,67.63999999999788,CURRENT_SPIKE,WARNING
2026-06-24 23:19:23.955131,85.36,0.156,84.54,102.06,6.74,67.65999999999788,TEMP_HIGH,WARNING
2026-06-24 23:19:24.060240,83.58,0.154,84.91,102.63,6.77,67.67999999999788,VIBRATION_RISE,WARNING
2026-06-24 23:19:24.165321,86.64,0.1415,85.69,104.41,6.7,67.69999999999787,VIBRATION_RISE,WARNING
2026-06-24 23:19:24.270445,85.62,0.1465,85.72,104.78,6.49,67.71999999999787,TEMP_HIGH,WARNING
2026-06-24 23:19:24.373678,86.69,0.1535,85.5,105.91,6.73,67.73999999999786,TEMP_HIGH,WARNING
2026-06-24 23:19:24.478986,83.4,0.159,85.81,106.78,6.24,67.75999999999786,VIBRATION_RISE,WARNING
2026-06-24 23:19:24.584123,86.3,0.1583,86.63,108.08,6.46,67.77999999999786,TEMP_HIGH,WARNING
2026-06-24 23:19:24.689247,84.57,0.1523,87.0,109.02,6.3,67.79999999999785,TEMP_HIGH,WARNING
2026-06-24 23:19:24.794329,86.36,0.1409,87.51,109.7,6.71,67.81999999999785,VIBRATION_RISE,WARNING
2026-06-24 23:19:24.899483,84.97,0.1528,87.66,111.16,6.29,67.83999999999784,TEMP_HIGH,WARNING
2026-06-24 23:19:25.001468,85.3,0.1462,87.57,112.53,6.21,67.85999999999784,VIBRATION_RISE,WARNING
2026-06-24 23:19:25.104094,85.56,0.1412,87.49,113.57,6.46,67.87999999999784,TEMP_HIGH,WARNING
2026-06-24 23:19:25.207573,84.35,0.1483,88.44,114.43,6.47,67.89999999999783,CURRENT_SPIKE,WARNING
2026-06-24 23:19:25.312729,83.73,0.1464,88.73,115.11,6.72,67.91999999999783,CURRENT_SPIKE,WARNING
2026-06-24 23:19:25.416728,84.03,0.1571,89.73,116.98,6.39,67.93999999999782,CURRENT_SPIKE,WARNING
2026-06-24 23:19:25.519464,86.76,0.1565,89.3,118.83,6.28,67.95999999999782,CURRENT_SPIKE,WARNING
2026-06-24 23:19:25.620562,85.13,0.1446,88.81,120.86,6.41,67.97999999999782,CURRENT_SPIKE,WARNING
2026-06-24 23:19:25.721324,85.34,0.1457,89.69,122.53,6.32,67.99999999999781,VIBRATION_RISE,WARNING
2026-06-24 23:19:25.826652,84.47,0.1571,90.44,124.55,6.36,68.01999999999781,TEMP_HIGH,WARNING
2026-06-24 23:19:25.927485,86.26,0.1427,90.23,125.79,6.42,68.0399999999978,VIBRATION_RISE,WARNING
2026-06-24 23:19:26.030525,85.17,0.1588,91.05,127.57,6.25,68.0599999999978,CURRENT_SPIKE,WARNING
2026-06-24 23:19:26.132205,84.05,0.1558,90.88,129.32,6.7,68.0799999999978,CURRENT_SPIKE,WARNING
2026-06-24 23:19:26.237497,83.92,0.1421,90.65,131.04,6.24,68.09999999999779,TEMP_HIGH,WARNING
2026-06-24 23:19:26.340526,85.86,0.1519,91.25,133.05,6.66,68.11999999999779,CURRENT_SPIKE,WARNING
2026-06-24 23:19:26.445895,84.49,0.1517,90.42,134.26,6.68,68.13999999999778,VIBRATION_RISE,WARNING
2026-06-24 23:19:26.551152,85.99,0.1402,90.44,135.27,6.6,68.15999999999778,CURRENT_SPIKE,WARNING
2026-06-24 23:19:26.656298,85.59,0.1503,91.15,136.13,6.22,68.17999999999778,TEMP_HIGH,WARNING
2026-06-24 23:19:26.757196,84.75,0.156,90.27,137.25,6.47,68.19999999999777,TEMP_HIGH,WARNING
2026-06-24 23:19:26.862284,85.37,0.1415,90.49,138.04,6.63,68.21999999999777,CURRENT_SPIKE,WARNING
2026-06-24 23:19:26.967369,85.11,0.1517,90.0,139.29,6.54,68.23999999999776,VIBRATION_RISE,WARNING
2026-06-24 23:19:27.072537,83.36,0.1466,90.74,140.81,6.52,68.25999999999776,TEMP_HIGH,WARNING
2026-06-24 23:19:27.177797,83.4,0.1557,91.02,141.9,6.47,68.27999999999776,CURRENT_SPIKE,WARNING
2026-06-24 23:19:27.282965,86.47,0.1402,91.0,143.54,6.49,68.29999999999775,VIBRATION_RISE,WARNING
2026-06-24 23:19:27.386225,84.77,0.141,90.29,144.82,6.5,68.31999999999775,VIBRATION_RISE,WARNING
2026-06-24 23:19:27.491544,84.51,0.1467,90.38,146.67,6.77,68.33999999999774,TEMP_HIGH,WARNING
2026-06-24 23:19:27.596781,86.57,0.1589,91.08,147.54,6.68,68.35999999999774,VIBRATION_RISE,WARNING
2026-06-24 23:19:27.698815,86.73,0.1583,92.07,148.54,6.39,68.37999999999774,TEMP_HIGH,WARNING
2026-06-24 23:19:27.803961,85.95,0.1599,92.57,149.3,6.63,68.39999999999773,TEMP_HIGH,WARNING
2026-06-24 23:19:27.907048,83.69,0.1516,91.84,150.65,6.42,68.41999999999773,TEMP_HIGH,WARNING
2026-06-24 23:19:28.012310,86.61,0.1454,92.57,152.76,6.65,68.43999999999772,CURRENT_SPIKE,WARNING
2026-06-24 23:19:28.115773,83.83,0.1436,92.94,154.06,6.21,68.45999999999772,CURRENT_SPIKE,WARNING
2026-06-24 23:19:28.218283,84.04,0.1504,93.7,155.89,6.64,68.47999999999772,TEMP_HIGH,WARNING
2026-06-24 23:19:28.319554,86.01,0.1401,92.97,157.44,6.62,68.49999999999771,CURRENT_SPIKE,WARNING
2026-06-24 23:19:28.424389,83.38,0.149,92.82,159.05,6.52,68.51999999999771,TEMP_HIGH,WARNING
2026-06-24 23:19:28.529757,86.72,0.1501,92.15,160.69,6.38,68.5399999999977,CURRENT_SPIKE,WARNING
2026-06-24 23:19:28.630718,85.72,0.1574,92.83,162.44,6.53,68.5599999999977,TEMP_HIGH,WARNING
2026-06-24 23:19:28.736018,85.75,0.1534,92.44,164.03,6.66,68.5799999999977,VIBRATION_RISE,WARNING
2026-06-24 23:19:28.841269,85.11,0.1499,92.45,164.76,6.63,68.59999999999769,CURRENT_SPIKE,WARNING
2026-06-24 23:19:28.946591,83.83,0.1596,91.78,166.19,6.5,68.61999999999769,TEMP_HIGH,WARNING
2026-06-24 23:19:29.049985,84.19,0.1542,92.02,168.17,6.55,68.63999999999768,CURRENT_SPIKE,WARNING
2026-06-24 23:19:29.155123,83.5,0.1449,92.97,168.67,6.77,68.65999999999768,CURRENT_SPIKE,WARNING
2026-06-24 23:19:29.256862,85.59,0.1508,93.12,169.42,6.22,68.67999999999768,TEMP_HIGH,WARNING
2026-06-24 23:19:29.361902,85.1,0.1548,92.72,170.3,6.53,68.69999999999767,TEMP_HIGH,WARNING
2026-06-24 23:19:29.467000,86.62,0.1549,92.99,171.7,6.73,68.71999999999767,TEMP_HIGH,WARNING
2026-06-24 23:19:29.572077,85.02,0.1542,93.26,172.07,6.65,68.73999999999766,VIBRATION_RISE,WARNING
2026-06-24 23:19:29.677214,86.78,0.1496,92.89,173.55,6.58,68.75999999999766,TEMP_HIGH,WARNING
2026-06-24 23:19:29.782502,83.79,0.16,93.25,174.74,6.74,68.77999999999766,CURRENT_SPIKE,WARNING
2026-06-24 23:19:29.883538,83.75,0.153,93.9,175.45,6.35,68.79999999999765,TEMP_HIGH,WARNING
2026-06-24 23:19:29.988633,84.32,0.1442,93.79,176.31,6.66,68.81999999999765,TEMP_HIGH,WARNING
2026-06-24 23:19:30.089414,85.57,0.1549,93.28,178.16,6.67,68.83999999999764,TEMP_HIGH,WARNING
2026-06-24 23:19:30.194550,84.79,0.1586,93.78,179.54,6.79,68.85999999999764,TEMP_HIGH,WARNING
2026-06-24 23:19:30.297099,86.95,0.1567,93.49,179.96,6.66,68.87999999999764,CURRENT_SPIKE,WARNING
2026-06-24 23:19:30.402231,85.83,0.1564,92.68,180.97,6.52,68.89999999999763,TEMP_HIGH,WARNING
2026-06-24 23:19:30.507352,86.1,0.1468,91.99,182.59,6.36,68.91999999999763,TEMP_HIGH,WARNING
2026-06-24 23:19:30.612522,85.9,0.1454,92.97,183.07,6.39,68.93999999999762,TEMP_HIGH,WARNING
2026-06-24 23:19:30.717689,86.76,0.1572,93.01,183.79,6.57,68.95999999999762,VIBRATION_RISE,WARNING
2026-06-24 23:19:30.822957,83.29,0.1409,92.75,185.28,6.63,68.97999999999762,TEMP_HIGH,WARNING
2026-06-24 23:19:30.928104,85.19,0.1492,93.13,185.93,6.53,68.99999999999761,TEMP_HIGH,WARNING
2026-06-24 23:19:31.033218,86.67,0.1478,93.81,187.76,6.66,69.01999999999761,CURRENT_SPIKE,WARNING
2026-06-24 23:19:31.137343,83.98,0.1421,92.97,189.64,6.32,69.0399999999976,VIBRATION_RISE,WARNING
2026-06-24 23:19:31.242470,85.98,0.141,93.65,189.98,6.33,69.0599999999976,CURRENT_SPIKE,WARNING
2026-06-24 23:19:31.347591,85.38,0.1426,93.95,191.03,6.37,69.0799999999976,TEMP_HIGH,WARNING
2026-06-24 23:19:31.452755,85.22,0.1596,93.95,192.03,6.45,69.09999999999759,TEMP_HIGH,WARNING
2026-06-24 23:19:31.557860,86.26,0.1521,93.7,193.8,6.79,69.11999999999759,TEMP_HIGH,WARNING
2026-06-24 23:19:31.662995,84.89,0.1548,93.7,194.51,6.28,69.13999999999758,TEMP_HIGH,WARNING
2026-06-24 23:19:31.768133,84.33,0.144,93.08,196.07,6.5,69.15999999999758,VIBRATION_RISE,WARNING
2026-06-24 23:19:31.873205,85.58,0.144,92.53,197.49,6.64,69.17999999999758,VIBRATION_RISE,WARNING
2026-06-24 23:19:31.978291,84.89,0.1413,92.08,197.99,6.33,69.19999999999757,CURRENT_SPIKE,WARNING
2026-06-24 23:19:32.083401,85.24,0.1585,92.33,198.61,6.79,69.21999999999757,VIBRATION_RISE,WARNING
2026-06-24 23:19:32.188496,85.5,0.142,92.24,199.26,6.63,69.23999999999756,CURRENT_SPIKE,WARNING
2026-06-24 23:19:32.293637,84.24,0.157,91.55,199.9,6.27,69.25999999999756,TEMP_HIGH,WARNING
2026-06-24 23:19:32.398806,85.5,0.145,94.67,201.05,6.29,55.27999999999756,TEMP_HIGH,WARNING
2026-06-24 23:19:32.500913,86.83,0.1593,96.65,202.45,6.53,55.29999999999756,VIBRATION_RISE,WARNING
2026-06-24 23:19:32.601983,83.59,0.1504,98.68,203.16,6.31,55.31999999999756,TEMP_HIGH,WARNING
2026-06-24 23:19:32.704452,86.36,0.1532,94.82,204.52,6.5,55.339999999997566,VIBRATION_RISE,WARNING
2026-06-24 23:19:32.807064,84.26,0.1413,96.93,205.86,6.41,55.35999999999757,TEMP_HIGH,WARNING
2026-06-24 23:19:32.912254,83.02,0.1472,96.64,206.68,6.61,55.37999999999757,TEMP_HIGH,WARNING
2026-06-24 23:19:33.017473,84.69,0.1404,91.89,208.11,6.62,49.399999999997576,MOTOR_FAILURE,CRITICAL
2026-06-24 23:19:33.120755,85.18,0.1425,94.22,209.54,6.78,49.41999999999758,OVERHEAT,CRITICAL
2026-06-24 23:19:33.222832,85.58,0.1492,91.13,210.33,6.57,49.43999999999758,BEARING_DAMAGE,CRITICAL
2026-06-24 23:19:33.326113,85.45,0.1531,89.85,211.36,6.58,49.459999999997585,BEARING_DAMAGE,CRITICAL
2026-06-24 23:19:33.429522,85.27,0.1521,88.61,213.47,6.64,49.47999999999759,BEARING_DAMAGE,CRITICAL
2026-06-24 23:19:33.534687,84.64,0.1525,87.02,215.05,6.55,49.49999999999759,MOTOR_FAILURE,CRITICAL
2026-06-24 23:19:33.639429,84.98,0.1408,86.55,216.08,6.25,49.519999999997594,MOTOR_FAILURE,CRITICAL
2026-06-24 23:19:33.744020,86.92,0.1504,84.24,216.99,6.5,49.5399999999976,MOTOR_FAILURE,CRITICAL
2026-06-24 23:19:33.848253,83.68,0.1433,87.54,218.74,6.49,49.5599999999976,OVERHEAT,CRITICAL
2026-06-24 23:19:33.953400,86.0,0.1427,89.59,220.51,6.59,49.579999999997604,PRESSURE_LOSS,CRITICAL
2026-06-24 23:19:34.058498,85.31,0.1555,91.95,221.88,6.31,49.59999999999761,PRESSURE_LOSS,CRITICAL
2026-06-24 23:19:34.163584,83.57,0.1518,89.76,223.11,6.79,49.61999999999761,MOTOR_FAILURE,CRITICAL
2026-06-24 23:19:34.268669,85.95,0.1527,85.15,223.54,6.49,49.63999999999761,BEARING_DAMAGE,CRITICAL
2026-06-24 23:19:34.373739,86.45,0.1492,82.21,225.5,6.52,49.659999999997616,PRESSURE_LOSS,CRITICAL
2026-06-24 23:19:34.478830,86.7,0.1574,87.11,226.73,6.4,49.67999999999762,BEARING_DAMAGE,CRITICAL
2026-06-24 23:19:34.583936,84.47,0.1418,84.53,227.98,6.77,49.69999999999762,PRESSURE_LOSS,CRITICAL
2026-06-24 23:19:34.689305,84.54,0.1552,84.61,229.16,6.46,49.719999999997626,MOTOR_FAILURE,CRITICAL
2026-06-24 23:19:34.790458,86.18,0.1518,89.02,230.17,6.61,49.73999999999763,MOTOR_FAILURE,CRITICAL
2026-06-24 23:19:34.891336,85.02,0.1596,93.88,231.22,6.31,49.75999999999763,MOTOR_FAILURE,CRITICAL
2026-06-24 23:19:34.996488,84.15,0.1533,91.48,232.84,6.29,49.779999999997635,PRESSURE_LOSS,CRITICAL
2026-06-24 23:19:35.100059,86.8,0.1579,94.85,233.57,6.27,49.79999999999764,BEARING_DAMAGE,CRITICAL
2026-06-24 23:19:35.200739,83.09,0.1539,99.26,235.2,6.77,49.81999999999764,OVERHEAT,CRITICAL
2026-06-24 23:19:35.304396,86.11,0.1526,103.56,235.8,6.43,49.839999999997644,OVERHEAT,CRITICAL
2026-06-24 23:19:35.406172,85.07,0.1406,100.13,236.95,6.61,49.85999999999765,PRESSURE_LOSS,CRITICAL
2026-06-24 23:19:35.510224,85.23,0.1429,102.46,238.42,6.48,49.87999999999765,MOTOR_FAILURE,CRITICAL
2026-06-24 23:19:35.611254,84.97,0.1577,99.84,239.68,6.6,49.899999999997654,OVERHEAT,CRITICAL
2026-06-24 23:19:35.716523,84.93,0.1559,100.66,240.62,6.6,49.91999999999766,PRESSURE_LOSS,CRITICAL
2026-06-24 23:19:35.819602,85.48,0.1437,102.26,241.48,6.74,49.93999999999766,MOTOR_FAILURE,CRITICAL
2026-06-24 23:19:35.924937,86.44,0.1554,105.1,243.4,6.39,49.95999999999766,OVERHEAT,CRITICAL
2026-06-24 23:19:36.026282,86.26,0.1507,105.01,244.06,6.2,49.979999999997666,PRESSURE_LOSS,CRITICAL
2026-06-24 23:19:36.131585,85.72,0.1427,106.21,245.89,6.79,49.99999999999767,MOTOR_FAILURE,CRITICAL
2026-06-24 23:19:36.236650,86.95,0.1506,104.0,246.88,6.42,50.01999999999767,TEMP_HIGH,WARNING
2026-06-24 23:19:36.340458,84.83,0.1428,101.78,248.32,6.35,50.039999999997676,TEMP_HIGH,WARNING
2026-06-24 23:19:36.441339,85.7,0.1588,102.19,249.55,6.53,50.05999999999768,CURRENT_SPIKE,WARNING
2026-06-24 23:19:36.545091,85.45,0.1419,101.38,251.27,6.75,50.07999999999768,TEMP_HIGH,WARNING
2026-06-24 23:19:36.648208,85.5,0.143,100.9,252.42,6.32,50.099999999997685,VIBRATION_RISE,WARNING
2026-06-24 23:19:36.753599,83.66,0.1498,99.27,253.35,6.54,50.11999999999769,TEMP_HIGH,WARNING
2026-06-24 23:19:36.855566,83.87,0.1567,102.02,254.48,6.7,50.13999999999769,VIBRATION_RISE,WARNING
2026-06-24 23:19:36.957285,84.04,0.1505,97.78,255.98,6.48,50.159999999997694,TEMP_HIGH,WARNING
2026-06-24 23:19:37.061285,85.08,0.1524,98.09,256.56,6.47,50.1799999999977,TEMP_HIGH,WARNING
2026-06-24 23:19:37.166603,84.72,0.1478,99.29,258.32,6.76,50.1999999999977,TEMP_HIGH,WARNING
2026-06-24 23:19:37.271276,83.81,0.1568,98.15,260.23,6.41,50.219999999997704,TEMP_HIGH,WARNING
2026-06-24 23:19:37.374384,86.17,0.145,92.8,261.03,6.65,50.23999999999771,TEMP_HIGH,WARNING
2026-06-24 23:19:37.477067,85.42,0.1561,89.65,262.29,6.57,50.25999999999771,CURRENT_SPIKE,WARNING
2026-06-24 23:19:37.582353,86.26,0.1498,89.81,263.14,6.22,50.27999999999771,TEMP_HIGH,WARNING
2026-06-24 23:19:37.687642,85.72,0.1424,89.98,264.27,6.62,50.299999999997716,VIBRATION_RISE,WARNING
2026-06-24 23:19:37.792885,83.25,0.1582,88.37,265.79,6.75,50.31999999999772,CURRENT_SPIKE,WARNING
2026-06-24 23:19:37.898119,86.15,0.1466,85.18,267.52,6.3,50.33999999999772,CURRENT_SPIKE,WARNING
2026-06-24 23:19:38.000962,83.21,0.1497,84.19,268.31,6.57,50.359999999997726,VIBRATION_RISE,WARNING
2026-06-24 23:19:38.106259,86.62,0.1563,87.61,269.53,6.53,50.37999999999773,TEMP_HIGH,WARNING
2026-06-24 23:19:38.211703,83.43,0.1419,81.77,271.31,6.45,50.39999999999773,CURRENT_SPIKE,WARNING
2026-06-24 23:19:38.316926,86.96,0.1456,87.12,272.39,6.73,50.419999999997735,VIBRATION_RISE,WARNING
2026-06-24 23:19:38.421558,86.94,0.1483,82.59,274.21,6.24,50.43999999999774,VIBRATION_RISE,WARNING
2026-06-24 23:19:38.524712,85.34,0.1436,80.4,275.99,6.5,50.45999999999774,CURRENT_SPIKE,WARNING
2026-06-24 23:19:38.629578,84.21,0.1473,78.19,277.81,6.22,50.479999999997744,CURRENT_SPIKE,WARNING
2026-06-24 23:19:38.734095,86.86,0.1572,72.78,278.5,6.23,50.49999999999775,CURRENT_SPIKE,WARNING
2026-06-24 23:19:38.839312,86.93,0.1421,75.3,279.0,6.41,50.51999999999775,VIBRATION_RISE,WARNING
2026-06-24 23:19:38.941398,86.68,0.1554,70.66,280.41,6.38,50.539999999997754,CURRENT_SPIKE,WARNING
2026-06-24 23:19:39.044746,85.45,0.1453,72.12,281.32,6.71,50.55999999999776,TEMP_HIGH,WARNING
2026-06-24 23:19:39.146864,83.95,0.1422,72.65,282.23,6.53,50.57999999999776,TEMP_HIGH,WARNING
2026-06-24 23:19:39.248689,84.29,0.1551,69.9,283.74,6.7,50.59999999999776,VIBRATION_RISE,WARNING
2026-06-24 23:19:39.350779,85.67,0.1474,73.6,284.47,6.43,50.619999999997766,TEMP_HIGH,WARNING
2026-06-24 23:19:39.452522,85.21,0.1421,74.32,285.32,6.25,50.63999999999777,TEMP_HIGH,WARNING
2026-06-24 23:19:39.557766,83.65,0.1443,78.31,285.7,6.66,50.65999999999777,VIBRATION_RISE,WARNING
2026-06-24 23:19:39.658037,85.29,0.1401,75.07,287.24,6.2,50.679999999997776,TEMP_HIGH,WARNING
2026-06-24 23:19:39.763284,86.39,0.1536,70.38,287.94,6.62,50.69999999999778,VIBRATION_RISE,WARNING
2026-06-24 23:19:39.867551,86.93,0.1466,70.69,289.24,6.21,50.71999999999778,VIBRATION_RISE,WARNING
2026-06-24 23:19:39.972803,84.35,0.1419,71.23,289.87,6.59,50.739999999997785,TEMP_HIGH,WARNING
2026-06-24 23:19:40.074708,86.31,0.1445,69.56,291.49,6.72,50.75999999999779,TEMP_HIGH,WARNING
2026-06-24 23:19:40.177628,85.71,0.1546,73.92,293.6,6.45,50.77999999999779,VIBRATION_RISE,WARNING
2026-06-24 23:19:40.282906,86.28,0.1418,78.71,294.57,6.69,50.799999999997794,TEMP_HIGH,WARNING
2026-06-24 23:19:40.388175,83.56,0.1411,75.36,295.17,6.69,50.8199999999978,TEMP_HIGH,WARNING
2026-06-24 23:19:40.490550,84.4,0.155,77.91,296.37,6.49,50.8399999999978,VIBRATION_RISE,WARNING
2026-06-24 23:19:40.595134,83.11,0.158,77.1,297.98,6.54,50.859999999997804,CURRENT_SPIKE,WARNING
2026-06-24 23:19:40.699798,85.96,0.1512,74.81,299.17,6.29,50.87999999999781,CURRENT_SPIKE,WARNING
2026-06-24 23:19:40.805088,84.21,0.1551,74.19,300.55,6.77,50.89999999999781,TEMP_HIGH,WARNING
2026-06-24 23:19:40.908908,86.69,0.1511,74.43,302.25,6.41,50.91999999999781,VIBRATION_RISE,WARNING
2026-06-24 23:19:41.013592,86.45,0.1491,74.79,303.39,6.76,50.939999999997816,TEMP_HIGH,WARNING
2026-06-24 23:19:41.118543,83.02,0.1522,73.83,304.47,6.44,50.95999999999782,VIBRATION_RISE,WARNING
2026-06-24 23:19:41.222545,86.14,0.1419,71.52,305.94,6.79,50.97999999999782,TEMP_HIGH,WARNING
2026-06-24 23:19:41.323898,84.18,0.1586,73.08,306.63,6.61,50.999999999997826,VIBRATION_RISE,WARNING
2026-06-24 23:19:41.424704,86.82,0.1481,76.67,307.42,6.35,51.01999999999783,TEMP_HIGH,WARNING
2026-06-24 23:19:41.527784,83.24,0.1519,74.06,308.98,6.27,51.03999999999783,CURRENT_SPIKE,WARNING
2026-06-24 23:19:41.629725,85.31,0.1503,77.47,310.5,6.61,51.059999999997835,TEMP_HIGH,WARNING
2026-06-24 23:19:41.730416,83.51,0.1591,74.38,311.96,6.61,51.07999999999784,VIBRATION_RISE,WARNING
2026-06-24 23:19:41.832677,85.38,0.1556,70.32,313.34,6.23,51.09999999999784,VIBRATION_RISE,WARNING
2026-06-24 23:19:41.937847,85.96,0.147,68.0,315.28,6.67,51.119999999997844,VIBRATION_RISE,WARNING
2026-06-24 23:19:42.043137,83.64,0.1419,72.69,316.43,6.33,51.13999999999785,CURRENT_SPIKE,WARNING
2026-06-24 23:19:42.148436,86.23,0.1573,74.82,317.93,6.27,51.15999999999785,TEMP_HIGH,WARNING
2026-06-24 23:19:42.249721,83.0,0.1586,76.94,319.54,6.23,51.179999999997854,TEMP_HIGH,WARNING
2026-06-24 23:19:42.354982,83.23,0.1544,75.19,321.3,6.57,51.19999999999786,CURRENT_SPIKE,WARNING
2026-06-24 23:19:42.460244,86.81,0.143,80.26,322.79,6.28,51.21999999999786,TEMP_HIGH,WARNING
2026-06-24 23:19:42.565493,84.55,0.1539,76.23,323.66,6.79,51.23999999999786,TEMP_HIGH,WARNING
2026-06-24 23:19:42.670774,86.04,0.1419,78.75,324.07,6.66,51.259999999997866,TEMP_HIGH,WARNING
2026-06-24 23:19:42.772835,83.67,0.1547,78.49,324.91,6.76,51.27999999999787,TEMP_HIGH,WARNING
2026-06-24 23:19:42.874197,84.6,0.1421,77.94,325.52,6.39,51.29999999999787,TEMP_HIGH,WARNING
2026-06-24 23:19:42.979468,83.18,0.1408,74.43,327.17,6.28,51.319999999997876,CURRENT_SPIKE,WARNING
2026-06-24 23:19:43.083104,83.51,0.1443,76.96,327.74,6.68,51.33999999999788,TEMP_HIGH,WARNING
2026-06-24 23:19:43.188361,85.67,0.1538,80.27,329.15,6.24,51.35999999999788,TEMP_HIGH,WARNING
2026-06-24 23:19:43.291998,83.4,0.1435,84.23,330.92,6.44,51.379999999997885,VIBRATION_RISE,WARNING
2026-06-24 23:19:43.394513,85.73,0.1436,84.98,331.84,6.41,51.39999999999789,VIBRATION_RISE,WARNING
2026-06-24 23:19:43.499734,86.16,0.1517,85.23,332.58,6.58,51.41999999999789,CURRENT_SPIKE,WARNING
2026-06-24 23:19:43.601656,86.72,0.1419,88.99,334.08,6.3,51.439999999997895,VIBRATION_RISE,WARNING
2026-06-24 23:19:43.706898,84.42,0.1423,85.56,335.83,6.67,51.4599999999979,VIBRATION_RISE,WARNING
2026-06-24 23:19:43.812131,87.0,0.1472,84.93,337.67,6.42,51.4799999999979,TEMP_HIGH,WARNING
2026-06-24 23:19:43.913854,86.31,0.1569,80.8,339.05,6.4,51.499999999997904,CURRENT_SPIKE,WARNING
2026-06-24 23:19:44.019098,84.63,0.1457,77.57,340.12,6.29,51.51999999999791,VIBRATION_RISE,WARNING
2026-06-24 23:19:44.123924,86.1,0.1436,80.34,341.05,6.32,51.53999999999791,TEMP_HIGH,WARNING
2026-06-24 23:19:44.228891,83.51,0.1439,81.42,342.65,6.45,51.55999999999791,TEMP_HIGH,WARNING
2026-06-24 23:19:44.334122,84.69,0.1585,78.43,344.46,6.47,51.579999999997916,VIBRATION_RISE,WARNING
2026-06-24 23:19:44.439435,85.91,0.142,76.88,346.15,6.68,51.59999999999792,CURRENT_SPIKE,WARNING
2026-06-24 23:19:44.544683,84.69,0.1434,79.81,347.38,6.22,51.61999999999792,CURRENT_SPIKE,WARNING
2026-06-24 23:19:44.649803,86.58,0.1512,77.16,348.69,6.62,51.639999999997926,TEMP_HIGH,WARNING
2026-06-24 23:19:44.751875,84.77,0.1522,80.84,350.58,6.55,51.65999999999793,TEMP_HIGH,WARNING
2026-06-24 23:19:44.854475,85.73,0.1431,79.09,351.25,6.32,51.67999999999793,CURRENT_SPIKE,WARNING
2026-06-24 23:19:44.959715,85.41,0.1418,83.49,352.08,6.55,51.699999999997935,CURRENT_SPIKE,WARNING
2026-06-24 23:19:45.064964,86.67,0.1586,85.02,353.66,6.64,51.71999999999794,VIBRATION_RISE,WARNING
2026-06-24 23:19:45.166414,86.8,0.1468,83.29,355.13,6.66,51.73999999999794,VIBRATION_RISE,WARNING
2026-06-24 23:19:45.271599,83.72,0.1488,81.68,356.78,6.62,51.759999999997945,CURRENT_SPIKE,WARNING
2026-06-24 23:19:45.376834,85.56,0.1579,82.5,357.32,6.51,51.77999999999795,CURRENT_SPIKE,WARNING
2026-06-24 23:19:45.482090,84.4,0.1417,78.74,358.31,6.35,51.79999999999795,VIBRATION_RISE,WARNING
2026-06-24 23:19:45.586449,84.44,0.1482,78.45,359.07,6.46,51.819999999997954,TEMP_HIGH,WARNING
2026-06-24 23:19:45.689400,85.75,0.1498,78.99,360.02,6.57,51.83999999999796,VIBRATION_RISE,WARNING
2026-06-24 23:19:45.793439,83.67,0.1532,83.37,360.54,6.67,51.85999999999796,CURRENT_SPIKE,WARNING
2026-06-24 23:19:45.898703,84.96,0.1575,80.58,361.78,6.78,51.87999999999796,CURRENT_SPIKE,WARNING
2026-06-24 23:19:46.000064,84.27,0.1401,81.24,362.65,6.44,51.899999999997966,TEMP_HIGH,WARNING
2026-06-24 23:19:46.105297,83.23,0.151,84.46,364.23,6.35,51.91999999999797,VIBRATION_RISE,WARNING
2026-06-24 23:19:46.206185,84.72,0.1496,86.05,366.22,6.74,51.93999999999797,CURRENT_SPIKE,WARNING
2026-06-24 23:19:46.311545,85.34,0.1421,87.86,367.06,6.52,51.959999999997976,CURRENT_SPIKE,WARNING
2026-06-24 23:19:46.413500,85.69,0.1465,83.77,368.29,6.37,51.97999999999798,VIBRATION_RISE,WARNING
2026-06-24 23:19:46.518765,86.0,0.1556,88.31,369.95,6.55,51.99999999999798,TEMP_HIGH,WARNING
2026-06-24 23:19:46.622550,85.33,0.1531,91.81,371.53,6.26,52.019999999997985,CURRENT_SPIKE,WARNING
2026-06-24 23:19:46.726820,83.17,0.1579,90.85,372.21,6.3,52.03999999999799,VIBRATION_RISE,WARNING
2026-06-24 23:19:46.830845,83.64,0.1437,92.83,373.45,6.4,52.05999999999799,CURRENT_SPIKE,WARNING
2026-06-24 23:19:46.933197,83.65,0.1427,95.15,375.02,6.79,52.079999999997995,VIBRATION_RISE,WARNING
2026-06-24 23:19:47.038613,86.57,0.1578,94.48,376.65,6.43,52.099999999998,TEMP_HIGH,WARNING
2026-06-24 23:19:47.139688,85.86,0.1411,98.36,378.3,6.68,52.119999999998,VIBRATION_RISE,WARNING
2026-06-24 23:19:47.244970,86.54,0.1499,97.08,379.3,6.53,52.139999999998004,TEMP_HIGH,WARNING
2026-06-24 23:19:47.350208,84.35,0.1525,96.3,380.82,6.37,52.15999999999801,CURRENT_SPIKE,WARNING
2026-06-24 23:19:47.455444,85.9,0.1562,95.93,381.44,6.56,52.17999999999801,VIBRATION_RISE,WARNING
2026-06-24 23:19:47.560682,86.01,0.1497,94.19,382.91,6.58,52.19999999999801,VIBRATION_RISE,WARNING
2026-06-24 23:19:47.665853,85.11,0.1419,92.2,384.92,6.38,52.21999999999802,CURRENT_SPIKE,WARNING
2026-06-24 23:19:47.771177,84.46,0.1535,91.87,385.53,6.54,52.23999999999802,TEMP_HIGH,WARNING
2026-06-24 23:19:47.874751,83.03,0.1596,89.69,387.32,6.39,52.25999999999802,CURRENT_SPIKE,WARNING
2026-06-24 23:19:47.979812,86.83,0.1508,86.66,388.67,6.34,52.279999999998026,CURRENT_SPIKE,WARNING
2026-06-24 23:19:48.084870,84.78,0.1523,86.13,390.21,6.6,52.29999999999803,VIBRATION_RISE,WARNING
2026-06-24 23:19:48.189934,86.69,0.1467,86.95,390.91,6.4,52.31999999999803,CURRENT_SPIKE,WARNING
2026-06-24 23:19:48.295039,83.76,0.1588,89.6,391.47,6.79,52.339999999998035,CURRENT_SPIKE,WARNING
2026-06-24 23:19:48.399055,83.99,0.1592,90.25,392.74,6.43,52.35999999999804,CURRENT_SPIKE,WARNING
2026-06-24 23:19:48.502375,84.0,0.1556,90.18,394.72,6.75,52.37999999999804,CURRENT_SPIKE,WARNING
2026-06-24 23:19:48.607649,86.94,0.1494,93.61,395.76,6.51,52.399999999998045,TEMP_HIGH,WARNING
2026-06-24 23:19:48.712826,83.37,0.1491,93.73,397.5,6.61,52.41999999999805,TEMP_HIGH,WARNING
2026-06-24 23:19:48.818089,85.49,0.1539,97.86,399.29,6.59,52.43999999999805,TEMP_HIGH,WARNING
2026-06-24 23:19:48.920741,83.38,0.1435,96.99,400.07,6.5,52.459999999998054,CURRENT_SPIKE,WARNING
2026-06-24 23:19:49.026077,84.9,0.1573,101.68,402.16,6.26,52.47999999999806,TEMP_HIGH,WARNING
2026-06-24 23:19:49.128814,84.12,0.1575,102.77,403.42,6.77,52.49999999999806,CURRENT_SPIKE,WARNING
2026-06-24 23:19:49.231901,85.34,0.1504,104.94,403.97,6.31,52.51999999999806,TEMP_HIGH,WARNING
2026-06-24 23:19:49.337160,83.32,0.1435,105.7,405.42,6.57,52.53999999999807,TEMP_HIGH,WARNING
2026-06-24 23:19:49.442422,84.68,0.1417,106.12,406.51,6.29,52.55999999999807,VIBRATION_RISE,WARNING
2026-06-24 23:19:49.545445,85.74,0.1551,103.36,407.51,6.41,52.57999999999807,CURRENT_SPIKE,WARNING
2026-06-24 23:19:49.646544,83.19,0.1493,102.42,408.19,6.26,52.599999999998076,CURRENT_SPIKE,WARNING
2026-06-24 23:19:49.747460,84.92,0.1524,100.25,409.69,6.3,52.61999999999808,VIBRATION_RISE,WARNING
2026-06-24 23:19:49.849358,85.85,0.1466,103.31,410.32,6.54,52.63999999999808,VIBRATION_RISE,WARNING
2026-06-24 23:19:49.952996,84.3,0.1488,106.54,411.19,6.43,52.659999999998085,VIBRATION_RISE,WARNING
2026-06-24 23:19:50.055094,84.7,0.1508,107.01,411.97,6.23,52.67999999999809,VIBRATION_RISE,WARNING
2026-06-24 23:19:50.156009,84.87,0.157,108.49,413.16,6.24,52.69999999999809,VIBRATION_RISE,WARNING
2026-06-24 23:19:50.260691,86.09,0.1467,104.44,414.53,6.23,52.719999999998095,CURRENT_SPIKE,WARNING
2026-06-24 23:19:50.365998,83.92,0.1492,103.76,415.17,6.59,52.7399999999981,VIBRATION_RISE,WARNING
2026-06-24 23:19:50.468187,83.04,0.1532,100.52,416.13,6.38,52.7599999999981,CURRENT_SPIKE,WARNING
2026-06-24 23:19:50.572870,86.76,0.1481,101.75,417.59,6.72,52.779999999998104,CURRENT_SPIKE,WARNING
2026-06-24 23:19:50.673935,83.6,0.1551,103.97,419.16,6.76,52.79999999999811,TEMP_HIGH,WARNING
2026-06-24 23:19:50.778990,85.84,0.1482,100.02,421.07,6.3,52.81999999999811,VIBRATION_RISE,WARNING
2026-06-24 23:19:50.880293,84.57,0.1501,98.58,422.81,6.21,52.83999999999811,TEMP_HIGH,WARNING
2026-06-24 23:19:50.981392,85.43,0.1472,99.39,424.39,6.53,52.85999999999812,VIBRATION_RISE,WARNING
2026-06-24 23:19:51.081692,86.95,0.1503,103.02,424.98,6.5,52.87999999999812,TEMP_HIGH,WARNING
2026-06-24 23:19:51.186311,86.68,0.1486,102.91,425.53,6.37,52.89999999999812,TEMP_HIGH,WARNING
2026-06-24 23:19:51.291012,83.17,0.1501,99.38,426.08,6.34,52.919999999998126,CURRENT_SPIKE,WARNING
2026-06-24 23:19:51.393000,85.79,0.1547,95.86,426.66,6.37,52.93999999999813,VIBRATION_RISE,WARNING
2026-06-24 23:19:51.495531,86.43,0.1508,100.59,427.39,6.65,52.95999999999813,CURRENT_SPIKE,WARNING
2026-06-24 23:19:51.600798,85.9,0.1422,99.06,429.35,6.71,52.979999999998135,TEMP_HIGH,WARNING
2026-06-24 23:19:51.706067,83.6,0.1456,101.67,430.87,6.46,52.99999999999814,VIBRATION_RISE,WARNING
2026-06-24 23:19:51.807684,83.21,0.1424,100.31,431.85,6.61,53.01999999999814,TEMP_HIGH,WARNING
2026-06-24 23:19:51.910711,86.72,0.158,95.81,432.85,6.55,53.039999999998145,VIBRATION_RISE,WARNING
2026-06-24 23:19:52.016074,83.77,0.1555,99.87,433.93,6.3,53.05999999999815,VIBRATION_RISE,WARNING
2026-06-24 23:19:52.119582,84.17,0.1488,104.32,434.53,6.37,53.07999999999815,VIBRATION_RISE,WARNING
2026-06-24 23:19:52.220105,83.37,0.1425,106.79,436.48,6.27,53.099999999998154,VIBRATION_RISE,WARNING
2026-06-24 23:19:52.323012,83.98,0.1452,102.7,438.57,6.5,53.11999999999816,CURRENT_SPIKE,WARNING
2026-06-24 23:19:52.425326,85.34,0.1436,98.28,440.31,6.63,53.13999999999816,TEMP_HIGH,WARNING
2026-06-24 23:19:52.525646,86.42,0.1542,95.01,441.75,6.49,53.15999999999816,TEMP_HIGH,WARNING
2026-06-24 23:19:52.628617,85.03,0.1544,93.58,442.73,6.75,53.17999999999817,CURRENT_SPIKE,WARNING
2026-06-24 23:19:52.729885,85.54,0.1564,95.93,444.63,6.65,53.19999999999817,TEMP_HIGH,WARNING
2026-06-24 23:19:52.831733,83.74,0.1405,98.86,446.5,6.72,53.21999999999817,VIBRATION_RISE,WARNING
2026-06-24 23:19:52.937003,86.56,0.1405,100.95,448.28,6.2,53.239999999998176,TEMP_HIGH,WARNING
2026-06-24 23:19:53.039591,85.36,0.1426,103.61,449.5,6.77,53.25999999999818,VIBRATION_RISE,WARNING
2026-06-24 23:19:53.140246,84.54,0.1519,98.75,451.26,6.66,53.27999999999818,VIBRATION_RISE,WARNING
2026-06-24 23:19:53.244176,83.15,0.1549,95.55,452.01,6.4,53.299999999998185,CURRENT_SPIKE,WARNING
2026-06-24 23:19:53.344956,86.05,0.1409,95.24,452.55,6.58,53.31999999999819,VIBRATION_RISE,WARNING
2026-06-24 23:19:53.445603,84.03,0.1524,91.74,453.61,6.43,53.33999999999819,CURRENT_SPIKE,WARNING
2026-06-24 23:19:53.548210,83.43,0.1417,94.23,455.25,6.24,53.359999999998195,VIBRATION_RISE,WARNING
2026-06-24 23:19:53.649175,86.79,0.1474,95.42,457.04,6.47,53.3799999999982,CURRENT_SPIKE,WARNING
2026-06-24 23:19:53.753891,84.28,0.1507,98.03,457.79,6.71,53.3999999999982,VIBRATION_RISE,WARNING
2026-06-24 23:19:53.857477,84.39,0.1466,102.19,458.62,6.32,53.419999999998204,VIBRATION_RISE,WARNING
2026-06-24 23:19:53.962701,85.14,0.156,98.39,460.01,6.37,53.43999999999821,TEMP_HIGH,WARNING
2026-06-24 23:19:54.067961,85.46,0.1406,101.72,460.87,6.56,53.45999999999821,CURRENT_SPIKE,WARNING
2026-06-24 23:19:54.173262,84.09,0.1592,105.22,462.89,6.57,53.47999999999821,TEMP_HIGH,WARNING
2026-06-24 23:19:54.276836,86.8,0.155,108.15,464.42,6.68,53.49999999999822,CURRENT_SPIKE,WARNING
2026-06-24 23:19:54.377366,86.57,0.1553,106.71,464.97,6.26,53.51999999999822,TEMP_HIGH,WARNING
2026-06-24 23:19:54.478837,84.16,0.1543,103.46,466.61,6.4,53.53999999999822,TEMP_HIGH,WARNING
2026-06-24 23:19:54.581954,84.03,0.1483,101.47,467.51,6.68,53.559999999998226,CURRENT_SPIKE,WARNING
2026-06-24 23:19:54.684808,83.55,0.1507,99.45,468.05,6.41,53.57999999999823,VIBRATION_RISE,WARNING
2026-06-24 23:19:54.789968,86.47,0.1587,99.96,469.9,6.47,53.59999999999823,VIBRATION_RISE,WARNING
2026-06-24 23:19:54.894590,86.06,0.1431,100.76,470.39,6.37,53.619999999998235,VIBRATION_RISE,WARNING
2026-06-24 23:19:54.999877,85.61,0.1558,101.52,471.58,6.61,53.63999999999824,VIBRATION_RISE,WARNING
2026-06-24 23:19:55.103701,86.64,0.1443,98.1,473.0,6.25,53.65999999999824,VIBRATION_RISE,WARNING
2026-06-24 23:19:55.208972,86.24,0.1569,100.67,474.62,6.46,53.679999999998245,CURRENT_SPIKE,WARNING
2026-06-24 23:19:55.313851,84.02,0.1503,99.16,476.48,6.58,53.69999999999825,CURRENT_SPIKE,WARNING
2026-06-24 23:19:55.419193,84.39,0.1475,97.92,477.39,6.74,53.71999999999825,CURRENT_SPIKE,WARNING
2026-06-24 23:19:55.521397,86.33,0.1491,97.14,479.5,6.37,53.739999999998254,CURRENT_SPIKE,WARNING
2026-06-24 23:19:55.626660,84.46,0.1557,95.82,480.17,6.61,53.75999999999826,VIBRATION_RISE,WARNING
2026-06-24 23:19:55.728448,84.82,0.1493,99.77,481.57,6.35,53.77999999999826,VIBRATION_RISE,WARNING
2026-06-24 23:19:55.833500,86.79,0.1598,100.79,482.61,6.38,53.79999999999826,TEMP_HIGH,WARNING
2026-06-24 23:19:55.936301,85.81,0.1503,102.98,483.66,6.4,53.81999999999827,VIBRATION_RISE,WARNING
2026-06-24 23:19:56.041062,86.04,0.1479,108.55,484.45,6.8,53.83999999999827,CURRENT_SPIKE,WARNING
2026-06-24 23:19:56.145432,84.6,0.1592,111.86,486.39,6.42,53.85999999999827,TEMP_HIGH,WARNING
2026-06-24 23:19:56.249370,84.59,0.1515,113.06,487.18,6.27,53.879999999998276,VIBRATION_RISE,WARNING
2026-06-24 23:19:56.354534,85.82,0.1446,115.93,488.56,6.71,53.89999999999828,VIBRATION_RISE,WARNING
2026-06-24 23:19:56.459803,85.71,0.1492,115.14,489.17,6.35,53.91999999999828,VIBRATION_RISE,WARNING
2026-06-24 23:19:56.563553,84.41,0.1441,114.07,490.04,6.41,53.939999999998285,VIBRATION_RISE,WARNING
2026-06-24 23:19:56.668860,85.36,0.149,109.66,491.69,6.4,53.95999999999829,CURRENT_SPIKE,WARNING
2026-06-24 23:19:56.769245,83.5,0.1568,108.17,493.45,6.49,53.97999999999829,TEMP_HIGH,WARNING
2026-06-24 23:19:56.874669,84.53,0.1427,107.58,495.03,6.65,53.999999999998295,TEMP_HIGH,WARNING
2026-06-24 23:19:56.979946,84.82,0.154,113.28,496.17,6.6,54.0199999999983,CURRENT_SPIKE,WARNING
2026-06-24 23:19:57.085240,83.63,0.1467,112.81,496.75,6.48,54.0399999999983,CURRENT_SPIKE,WARNING
2026-06-24 23:19:57.189392,83.51,0.1427,114.54,498.45,6.33,54.059999999998304,CURRENT_SPIKE,WARNING
2026-06-24 23:19:57.294665,83.23,0.1594,119.82,500.4,6.68,54.07999999999831,TEMP_HIGH,WARNING
2026-06-24 23:19:57.399645,84.27,0.1406,120.84,501.33,6.45,54.09999999999831,TEMP_HIGH,WARNING
2026-06-24 23:19:57.501447,83.47,0.1455,116.95,502.59,6.26,54.11999999999831,CURRENT_SPIKE,WARNING
2026-06-24 23:19:57.603763,85.4,0.1561,114.1,504.51,6.76,54.13999999999832,TEMP_HIGH,WARNING
2026-06-24 23:19:57.706503,86.97,0.144,113.32,506.29,6.63,54.15999999999832,VIBRATION_RISE,WARNING
2026-06-24 23:19:57.808922,83.03,0.1513,115.1,506.8,6.71,54.17999999999832,VIBRATION_RISE,WARNING
2026-06-24 23:19:57.909627,85.98,0.1523,118.25,508.08,6.4,54.199999999998326,CURRENT_SPIKE,WARNING
2026-06-24 23:19:58.014920,83.63,0.1571,122.59,508.72,6.47,54.21999999999833,CURRENT_SPIKE,WARNING
2026-06-24 23:19:58.118492,85.25,0.1554,118.24,510.37,6.66,54.23999999999833,VIBRATION_RISE,WARNING
2026-06-24 23:19:58.223857,85.35,0.1489,118.81,511.29,6.27,54.259999999998335,TEMP_HIGH,WARNING
2026-06-24 23:19:58.328870,83.17,0.1521,115.39,513.05,6.33,54.27999999999834,VIBRATION_RISE,WARNING
2026-06-24 23:19:58.434179,86.95,0.1428,117.23,514.75,6.49,54.29999999999834,TEMP_HIGH,WARNING
2026-06-24 23:19:58.537184,83.64,0.1507,113.39,516.04,6.73,54.319999999998345,VIBRATION_RISE,WARNING
2026-06-24 23:19:58.638088,86.34,0.1459,110.34,517.85,6.78,54.33999999999835,CURRENT_SPIKE,WARNING
2026-06-24 23:19:58.743395,86.9,0.1519,114.39,518.85,6.61,54.35999999999835,CURRENT_SPIKE,WARNING
2026-06-24 23:19:58.848688,84.57,0.1526,119.63,519.65,6.24,54.379999999998354,CURRENT_SPIKE,WARNING
2026-06-24 23:19:58.950231,84.77,0.1545,115.45,520.76,6.6,54.39999999999836,CURRENT_SPIKE,WARNING
2026-06-24 23:19:59.055226,86.22,0.148,113.25,521.91,6.49,54.41999999999836,CURRENT_SPIKE,WARNING
2026-06-24 23:19:59.157719,86.31,0.1512,115.64,523.09,6.22,54.43999999999836,VIBRATION_RISE,WARNING
2026-06-24 23:19:59.262995,84.26,0.1429,117.81,524.49,6.26,54.45999999999837,TEMP_HIGH,WARNING
2026-06-24 23:19:59.365772,85.37,0.1599,121.3,525.62,6.29,54.47999999999837,TEMP_HIGH,WARNING
2026-06-24 23:19:59.470936,86.37,0.1518,118.14,526.55,6.42,54.49999999999837,VIBRATION_RISE,WARNING
2026-06-24 23:19:59.576207,85.13,0.1484,122.07,528.35,6.72,54.519999999998376,CURRENT_SPIKE,WARNING
2026-06-24 23:19:59.678111,85.57,0.1548,117.53,529.03,6.76,54.53999999999838,VIBRATION_RISE,WARNING
2026-06-24 23:19:59.783353,83.52,0.1544,120.02,530.31,6.67,54.55999999999838,VIBRATION_RISE,WARNING
2026-06-24 23:19:59.885835,85.42,0.158,123.78,531.4,6.53,54.579999999998385,TEMP_HIGH,WARNING
2026-06-24 23:19:59.991065,86.71,0.1448,124.78,533.47,6.55,54.59999999999839,VIBRATION_RISE,WARNING
2026-06-24 23:20:00.096431,83.45,0.1505,120.81,534.95,6.39,54.61999999999839,VIBRATION_RISE,WARNING
2026-06-24 23:20:00.198503,85.93,0.1505,115.02,535.57,6.72,54.639999999998395,CURRENT_SPIKE,WARNING
2026-06-24 23:20:00.303790,86.78,0.156,118.7,536.89,6.4,54.6599999999984,TEMP_HIGH,WARNING
2026-06-24 23:20:00.407638,83.15,0.1416,118.86,537.99,6.48,54.6799999999984,TEMP_HIGH,WARNING
2026-06-24 23:20:00.512219,85.6,0.1508,122.12,539.98,6.5,54.699999999998404,VIBRATION_RISE,WARNING
2026-06-24 23:20:00.612765,83.37,0.1517,125.28,541.91,6.5,54.71999999999841,TEMP_HIGH,WARNING
2026-06-24 23:20:00.716935,83.56,0.1459,124.23,544.05,6.71,54.73999999999841,TEMP_HIGH,WARNING
2026-06-24 23:20:00.817936,84.1,0.1537,128.94,545.5,6.31,54.75999999999841,VIBRATION_RISE,WARNING
2026-06-24 23:20:00.920517,84.99,0.142,128.1,547.2,6.22,54.77999999999842,CURRENT_SPIKE,WARNING
2026-06-24 23:20:01.024401,83.63,0.1574,124.23,549.09,6.49,54.79999999999842,CURRENT_SPIKE,WARNING
2026-06-24 23:20:01.128935,83.4,0.1517,123.78,549.92,6.26,54.81999999999842,TEMP_HIGH,WARNING
2026-06-24 23:20:01.231088,85.99,0.1558,120.63,551.5,6.42,54.839999999998426,CURRENT_SPIKE,WARNING
2026-06-24 23:20:01.336428,85.55,0.1418,118.67,553.2,6.53,54.85999999999843,TEMP_HIGH,WARNING
2026-06-24 23:20:01.440683,85.46,0.1553,117.35,554.17,6.43,54.87999999999843,VIBRATION_RISE,WARNING
2026-06-24 23:20:01.542454,86.53,0.1597,121.21,555.17,6.33,54.899999999998435,CURRENT_SPIKE,WARNING
2026-06-24 23:20:01.644734,83.29,0.1501,116.7,556.63,6.75,54.91999999999844,TEMP_HIGH,WARNING
2026-06-24 23:20:01.746126,83.76,0.156,117.65,557.23,6.44,54.93999999999844,TEMP_HIGH,WARNING
2026-06-24 23:20:01.848905,86.87,0.1445,114.29,558.73,6.24,54.959999999998445,CURRENT_SPIKE,WARNING
2026-06-24 23:20:01.954119,84.32,0.1518,117.36,559.19,6.26,54.97999999999845,TEMP_HIGH,WARNING
2026-06-24 23:20:02.059415,84.03,0.1529,121.64,560.9,6.57,54.99999999999845,VIBRATION_RISE,WARNING
2026-06-24 23:20:02.164287,85.43,0.1417,120.62,563.04,6.33,55.019999999998454,VIBRATION_RISE,WARNING
2026-06-24 23:20:02.265556,83.58,0.1447,120.59,564.23,6.32,55.03999999999846,VIBRATION_RISE,WARNING
2026-06-24 23:20:02.370609,84.47,0.154,122.14,565.34,6.6,55.05999999999846,VIBRATION_RISE,WARNING
2026-06-24 23:20:02.475861,83.52,0.1486,124.85,566.33,6.58,55.07999999999846,CURRENT_SPIKE,WARNING
2026-06-24 23:20:02.581124,83.07,0.1416,126.15,567.17,6.71,55.09999999999847,TEMP_HIGH,WARNING
2026-06-24 23:20:02.686416,83.12,0.1594,122.06,567.6,6.24,55.11999999999847,CURRENT_SPIKE,WARNING
2026-06-24 23:20:02.788333,83.74,0.1478,116.95,569.0,6.52,55.13999999999847,CURRENT_SPIKE,WARNING
2026-06-24 23:20:02.893790,86.17,0.15,120.89,569.85,6.4,55.159999999998476,TEMP_HIGH,WARNING
2026-06-24 23:20:02.998898,85.01,0.1581,116.51,570.34,6.72,55.17999999999848,TEMP_HIGH,WARNING
2026-06-24 23:20:03.103058,83.22,0.1471,117.62,571.48,6.31,55.19999999999848,CURRENT_SPIKE,WARNING
2026-06-24 23:20:03.207734,84.86,0.155,121.36,573.22,6.26,55.219999999998485,CURRENT_SPIKE,WARNING
2026-06-24 23:20:03.311428,86.26,0.1454,126.07,574.09,6.55,55.23999999999849,VIBRATION_RISE,WARNING
2026-06-24 23:20:03.415007,86.74,0.1564,121.86,575.46,6.45,55.25999999999849,CURRENT_SPIKE,WARNING
2026-06-24 23:20:03.519760,86.68,0.1433,120.11,576.67,6.57,55.279999999998495,VIBRATION_RISE,WARNING
2026-06-24 23:20:03.620616,84.74,0.1573,124.8,577.29,6.5,55.2999999999985,CURRENT_SPIKE,WARNING
2026-06-24 23:20:03.725936,84.64,0.1535,125.09,577.93,6.72,55.3199999999985,VIBRATION_RISE,WARNING
2026-06-24 23:20:03.827346,83.92,0.1449,128.82,579.56,6.52,55.339999999998504,TEMP_HIGH,WARNING
2026-06-24 23:20:03.932413,84.66,0.1477,129.32,580.25,6.42,55.35999999999851,VIBRATION_RISE,WARNING
2026-06-24 23:20:04.037472,86.89,0.1525,128.38,581.78,6.25,55.37999999999851,TEMP_HIGH,WARNING
2026-06-24 23:20:04.142545,86.98,0.1552,132.2,582.53,6.73,55.39999999999851,VIBRATION_RISE,WARNING
2026-06-24 23:20:04.247650,86.62,0.1558,128.88,583.5,6.66,55.41999999999852,VIBRATION_RISE,WARNING
